szn,szn_type,official,ref_points,games,ref_rating
2016,playoffs,Bennie Adams,9,3,3
2016,playoffs,Bill Kennedy,22,10,2.2
2016,playoffs,Bill Spooner,11,7,1.5714285714285714
2016,playoffs,Brian Forte,10,4,2.5
2016,playoffs,Courtney Kirkland,7,3,2.3333333333333335
2016,playoffs,Danny Crawford,80,16,5
2016,playoffs,David Guthrie,8,4,2
2016,playoffs,Derrick Collins,9,3,3
2016,playoffs,Derrick Stafford,38,12,3.1666666666666665
2016,playoffs,Ed Malloy,17,11,1.5454545454545454
2016,playoffs,Eric Lewis,7,3,2.3333333333333335
2016,playoffs,Gary Zielinski,1,1,1
2016,playoffs,James Capers,38,10,3.8
2016,playoffs,James Williams,7,5,1.4
2016,playoffs,Jason Phillips,16,12,1.3333333333333333
2016,playoffs,John Goble,17,9,1.8888888888888888
2016,playoffs,Josh Tiven,3,3,1
2016,playoffs,Kane Fitzgerald,24,8,3
2016,playoffs,Ken Mauer,58,12,4.833333333333333
2016,playoffs,Leroy Richardson,4,2,2
2016,playoffs,Marc Davis,50,14,3.5714285714285716
2016,playoffs,Mark Ayotte,3,1,3
2016,playoffs,Mark Lindsay,1,1,1
2016,playoffs,Michael Smith,1,1,1
2016,playoffs,Mike Callahan,74,16,4.625
2016,playoffs,Monty McCutchen,76,16,4.75
2016,playoffs,Pat Fraher,13,5,2.6
2016,playoffs,Rodney Mott,9,5,1.8
2016,playoffs,Ron Garretson,14,6,2.3333333333333335
2016,playoffs,Scott Foster,70,14,5
2016,playoffs,Sean Corbin,15,5,3
2016,playoffs,Sean Wright,9,7,1.2857142857142858
2016,playoffs,Tom Washington,10,8,1.25
2016,playoffs,Tony Brothers,27,9,3
2016,playoffs,Tony Brown,6,2,3
2016,playoffs,Zach Zarba,10,10,1
2016,regular season,Aaron Smith,14,8,1.75
2016,regular season,Ben Taylor,56,44,1.2727272727272727
2016,regular season,Bennie Adams,135,45,3
2016,regular season,Bill Kennedy,220,52,4.230769230769231
2016,regular season,Bill Spooner,180,36,5
2016,regular season,Brent Barnaky,151,51,2.9607843137254903
2016,regular season,Brett Nansel,14,8,1.75
2016,regular season,Brian Forte,161,53,3.0377358490566038
2016,regular season,Courtney Kirkland,135,51,2.6470588235294117
2016,regular season,Curtis Blair,100,38,2.6315789473684212
2016,regular season,Danny Crawford,225,45,5
2016,regular season,David Guthrie,138,52,2.6538461538461537
2016,regular season,David Jones,94,40,2.35
2016,regular season,Dedric Taylor,50,38,1.3157894736842106
2016,regular season,Derek Richardson,58,40,1.45
2016,regular season,Derrick Collins,138,50,2.76
2016,regular season,Derrick Stafford,220,44,5
2016,regular season,Ed Malloy,179,37,4.837837837837838
2016,regular season,Eli Roe,60,44,1.3636363636363635
2016,regular season,Eric Dalen,123,49,2.510204081632653
2016,regular season,Eric Lewis,150,50,3
2016,regular season,Gary Zielinski,46,46,1
2016,regular season,Gediminas Petraitis,75,41,1.829268292682927
2016,regular season,Haywoode Workman,46,46,1
2016,regular season,James Capers,230,46,5
2016,regular season,James Williams,55,51,1.0784313725490196
2016,regular season,Jason Phillips,240,48,5
2016,regular season,John Goble,251,53,4.735849056603773
2016,regular season,Josh Tiven,67,53,1.2641509433962264
2016,regular season,JT Orr,66,44,1.5
2016,regular season,Justin Van Duyne,51,43,1.186046511627907
2016,regular season,Kane Fitzgerald,100,48,2.0833333333333335
2016,regular season,Karl Lane,86,40,2.15
2016,regular season,Ken Mauer,235,47,5
2016,regular season,Kevin Cutler,106,44,2.409090909090909
2016,regular season,Kevin Scott,66,46,1.434782608695652
2016,regular season,Lauren Holtkamp,90,44,2.0454545454545454
2016,regular season,Leon Wood,48,44,1.0909090909090908
2016,regular season,Leroy Richardson,89,49,1.816326530612245
2016,regular season,Marat Kogut,90,46,1.9565217391304348
2016,regular season,Marc Davis,265,53,5
2016,regular season,Mark Ayotte,144,50,2.88
2016,regular season,Mark Lindsay,97,49,1.9795918367346939
2016,regular season,Matt Boland,146,52,2.8076923076923075
2016,regular season,Michael Smith,126,44,2.8636363636363638
2016,regular season,Mike Callahan,240,48,5
2016,regular season,Mitchell Ervin,84,36,2.3333333333333335
2016,regular season,Monty McCutchen,255,51,5
2016,regular season,Nick Buchert,148,52,2.8461538461538463
2016,regular season,Pat Fraher,147,45,3.2666666666666666
2016,regular season,Rodney Mott,213,51,4.176470588235294
2016,regular season,Ron Garretson,245,49,5
2016,regular season,Scott Foster,230,46,5
2016,regular season,Scott Twardoski,61,45,1.3555555555555556
2016,regular season,Scott Wall,47,43,1.0930232558139534
2016,regular season,Sean Corbin,171,47,3.6382978723404253
2016,regular season,Sean Wright,251,51,4.921568627450981
2016,regular season,Steve Anderson,107,37,2.891891891891892
2016,regular season,Tom Washington,250,50,5
2016,regular season,Tony Brothers,240,48,5
2016,regular season,Tony Brown,145,49,2.9591836734693877
2016,regular season,Tre Maddox,82,48,1.7083333333333333
2016,regular season,Tyler Ford,74,38,1.9473684210526316
2016,regular season,Zach Zarba,261,53,4.9245283018867925
2017,playoffs,Bennie Adams,9,3,3
2017,playoffs,Bill Kennedy,18,8,2.25
2017,playoffs,Bill Spooner,5,5,1
2017,playoffs,Brent Barnaky,3,1,3
2017,playoffs,Brian Forte,10,4,2.5
2017,playoffs,Courtney Kirkland,8,4,2
2017,playoffs,Danny Crawford,70,14,5
2017,playoffs,David Guthrie,7,5,1.4
2017,playoffs,Derrick Collins,10,4,2.5
2017,playoffs,Derrick Stafford,39,11,3.5454545454545454
2017,playoffs,Ed Malloy,23,11,2.090909090909091
2017,playoffs,Eric Lewis,7,3,2.3333333333333335
2017,playoffs,James Capers,39,11,3.5454545454545454
2017,playoffs,James Williams,7,5,1.4
2017,playoffs,John Goble,22,10,2.2
2017,playoffs,Josh Tiven,3,3,1
2017,playoffs,Kane Fitzgerald,18,6,3
2017,playoffs,Ken Mauer,46,10,4.6
2017,playoffs,Leon Wood,1,1,1
2017,playoffs,Leroy Richardson,4,2,2
2017,playoffs,Marc Davis,47,11,4.2727272727272725
2017,playoffs,Mark Ayotte,3,1,3
2017,playoffs,Mark Lindsay,4,2,2
2017,playoffs,Matt Boland,3,1,3
2017,playoffs,Michael Smith,1,1,1
2017,playoffs,Mike Callahan,65,13,5
2017,playoffs,Monty McCutchen,65,13,5
2017,playoffs,Pat Fraher,12,6,2
2017,playoffs,Rodney Mott,13,5,2.6
2017,playoffs,Ron Garretson,9,7,1.2857142857142858
2017,playoffs,Scott Foster,60,12,5
2017,playoffs,Sean Corbin,18,6,3
2017,playoffs,Sean Wright,8,8,1
2017,playoffs,Tom Washington,5,5,1
2017,playoffs,Tony Brothers,29,11,2.6363636363636362
2017,playoffs,Tony Brown,9,3,3
2017,playoffs,Zach Zarba,11,11,1
2017,pre-season,Aaron Smith,6,4,1.5
2017,pre-season,Ben Taylor,9,5,1.8
2017,pre-season,Bennie Adams,18,4,4.5
2017,pre-season,Bill Kennedy,20,4,5
2017,pre-season,Bill Spooner,30,6,5
2017,pre-season,Brandon Adair,6,2,3
2017,pre-season,Brent Barnaky,11,5,2.2
2017,pre-season,Brett Nansel,8,4,2
2017,pre-season,Brian Forte,23,5,4.6
2017,pre-season,CJ Washington,6,4,1.5
2017,pre-season,Courtney Kirkland,20,6,3.3333333333333335
2017,pre-season,Curtis Blair,12,4,3
2017,pre-season,Danny Crawford,20,4,5
2017,pre-season,David Guthrie,11,3,3.6666666666666665
2017,pre-season,Dedric Taylor,4,4,1
2017,pre-season,Derek Richardson,8,4,2
2017,pre-season,Derrick Collins,19,5,3.8
2017,pre-season,Ed Malloy,20,4,5
2017,pre-season,Eric Dalen,15,5,3
2017,pre-season,Eric Lewis,12,4,3
2017,pre-season,Gary Zielinski,6,6,1
2017,pre-season,Gediminas Petraitis,4,4,1
2017,pre-season,Haywoode Workman,5,5,1
2017,pre-season,Jacyn Goble,4,2,2
2017,pre-season,James Capers,20,4,5
2017,pre-season,James Williams,17,5,3.4
2017,pre-season,Jason Goldenberg,8,4,2
2017,pre-season,Jason Phillips,25,5,5
2017,pre-season,JB DeRosa,8,4,2
2017,pre-season,John Goble,23,5,4.6
2017,pre-season,Jonathan Sterling,2,2,1
2017,pre-season,Josh Tiven,11,5,2.2
2017,pre-season,JT Orr,6,4,1.5
2017,pre-season,Justin Van Duyne,4,4,1
2017,pre-season,Kane Fitzgerald,19,5,3.8
2017,pre-season,Karl Lane,7,5,1.4
2017,pre-season,Ken Mauer,20,4,5
2017,pre-season,Kevin Cutler,11,5,2.2
2017,pre-season,Kevin Scott,5,5,1
2017,pre-season,Lauren Holtkamp,12,4,3
2017,pre-season,Leon Wood,5,5,1
2017,pre-season,Leroy Richardson,15,5,3
2017,pre-season,Marat Kogut,8,4,2
2017,pre-season,Marc Davis,20,4,5
2017,pre-season,Mark Ayotte,15,5,3
2017,pre-season,Mark Lindsay,13,5,2.6
2017,pre-season,Matt Boland,13,5,2.6
2017,pre-season,Michael Smith,11,5,2.2
2017,pre-season,Mike Callahan,20,4,5
2017,pre-season,Mitchell Ervin,10,4,2.5
2017,pre-season,Monty McCutchen,20,4,5
2017,pre-season,Nick Buchert,15,5,3
2017,pre-season,Pat Fraher,19,5,3.8
2017,pre-season,Phenizee Ransom,6,2,3
2017,pre-season,Ray Acosta,12,4,3
2017,pre-season,Rodney Mott,18,4,4.5
2017,pre-season,Ron Garretson,13,5,2.6
2017,pre-season,Scott Foster,25,5,5
2017,pre-season,Scott Twardoski,4,4,1
2017,pre-season,Scott Wall,4,4,1
2017,pre-season,Sean Corbin,21,5,4.2
2017,pre-season,Sean Wright,20,4,5
2017,pre-season,Steve Anderson,12,4,3
2017,pre-season,Tom Washington,20,4,5
2017,pre-season,Tony Brothers,25,5,5
2017,pre-season,Tony Brown,17,5,3.4
2017,pre-season,Tre Maddox,11,5,2.2
2017,pre-season,Tyler Ford,5,3,1.6666666666666667
2017,pre-season,Vladimir Voyard-Tadal,4,4,1
2017,pre-season,Zach Zarba,20,4,5
2017,regular season,Aaron Smith,69,53,1.3018867924528301
2017,regular season,Ben Taylor,70,52,1.3461538461538463
2017,regular season,Bennie Adams,209,59,3.542372881355932
2017,regular season,Bill Kennedy,325,65,5
2017,regular season,Bill Spooner,290,58,5
2017,regular season,Brent Barnaky,194,68,2.8529411764705883
2017,regular season,Brett Nansel,70,40,1.75
2017,regular season,Brian Forte,207,65,3.1846153846153844
2017,regular season,CJ Washington,50,44,1.1363636363636365
2017,regular season,Courtney Kirkland,154,62,2.4838709677419355
2017,regular season,Curtis Blair,134,50,2.68
2017,regular season,Danny Crawford,300,60,5
2017,regular season,David Guthrie,118,44,2.6818181818181817
2017,regular season,Dedric Taylor,65,55,1.1818181818181819
2017,regular season,Derek Richardson,65,47,1.3829787234042554
2017,regular season,Derrick Collins,181,65,2.7846153846153845
2017,regular season,Derrick Stafford,315,63,5
2017,regular season,Ed Malloy,290,58,5
2017,regular season,Eric Dalen,148,58,2.5517241379310347
2017,regular season,Eric Lewis,165,67,2.462686567164179
2017,regular season,Gary Zielinski,59,59,1
2017,regular season,Gediminas Petraitis,83,51,1.6274509803921569
2017,regular season,Haywoode Workman,58,52,1.1153846153846154
2017,regular season,Jacyn Goble,56,34,1.6470588235294117
2017,regular season,James Capers,310,62,5
2017,regular season,James Williams,123,69,1.7826086956521738
2017,regular season,Jason Goldenberg,10,4,2.5
2017,regular season,Jason Phillips,165,33,5
2017,regular season,John Goble,314,70,4.485714285714286
2017,regular season,Josh Tiven,97,69,1.4057971014492754
2017,regular season,JT Orr,90,54,1.6666666666666667
2017,regular season,Justin Van Duyne,68,58,1.1724137931034482
2017,regular season,Kane Fitzgerald,245,69,3.550724637681159
2017,regular season,Karl Lane,133,67,1.9850746268656716
2017,regular season,Ken Mauer,315,63,5
2017,regular season,Kevin Cutler,143,57,2.508771929824561
2017,regular season,Kevin Scott,110,64,1.71875
2017,regular season,Lauren Holtkamp,92,44,2.090909090909091
2017,regular season,Leon Wood,54,50,1.08
2017,regular season,Leroy Richardson,111,57,1.9473684210526316
2017,regular season,Marat Kogut,127,61,2.081967213114754
2017,regular season,Marc Davis,325,65,5
2017,regular season,Mark Ayotte,156,54,2.888888888888889
2017,regular season,Mark Lindsay,150,64,2.34375
2017,regular season,Matt Boland,183,65,2.8153846153846156
2017,regular season,Michael Smith,111,59,1.88135593220339
2017,regular season,Mike Callahan,305,61,5
2017,regular season,Mitchell Ervin,120,46,2.608695652173913
2017,regular season,Monty McCutchen,320,64,5
2017,regular season,Nick Buchert,144,54,2.6666666666666665
2017,regular season,Pat Fraher,181,65,2.7846153846153845
2017,regular season,Phenizee Ransom,6,4,1.5
2017,regular season,Rodney Mott,241,65,3.707692307692308
2017,regular season,Ron Garretson,213,57,3.736842105263158
2017,regular season,Scott Foster,345,69,5
2017,regular season,Scott Twardoski,54,50,1.08
2017,regular season,Scott Wall,53,43,1.2325581395348837
2017,regular season,Sean Corbin,249,61,4.081967213114754
2017,regular season,Sean Wright,305,61,5
2017,regular season,Steve Anderson,141,47,3
2017,regular season,Tom Washington,305,61,5
2017,regular season,Tony Brothers,299,61,4.901639344262295
2017,regular season,Tony Brown,163,59,2.76271186440678
2017,regular season,Tre Maddox,88,58,1.5172413793103448
2017,regular season,Tyler Ford,140,58,2.413793103448276
2017,regular season,Vladimir Voyard-Tadal,4,4,1
2017,regular season,Zach Zarba,305,61,5
2018,playoffs,Bennie Adams,9,3,3
2018,playoffs,Bill Kennedy,19,7,2.7142857142857144
2018,playoffs,Bill Spooner,4,4,1
2018,playoffs,Brent Barnaky,6,2,3
2018,playoffs,Brian Forte,8,4,2
2018,playoffs,Courtney Kirkland,7,3,2.3333333333333335
2018,playoffs,David Guthrie,18,8,2.25
2018,playoffs,Derrick Collins,6,2,3
2018,playoffs,Derrick Stafford,52,14,3.7142857142857144
2018,playoffs,Ed Malloy,38,12,3.1666666666666665
2018,playoffs,Eric Lewis,15,9,1.6666666666666667
2018,playoffs,Gary Zielinski,2,2,1
2018,playoffs,James Capers,61,13,4.6923076923076925
2018,playoffs,James Williams,10,6,1.6666666666666667
2018,playoffs,Jason Phillips,20,10,2
2018,playoffs,John Goble,19,11,1.7272727272727273
2018,playoffs,Josh Tiven,10,8,1.25
2018,playoffs,Kane Fitzgerald,17,7,2.4285714285714284
2018,playoffs,Karl Lane,1,1,1
2018,playoffs,Ken Mauer,60,12,5
2018,playoffs,Kevin Cutler,3,1,3
2018,playoffs,Kevin Scott,1,1,1
2018,playoffs,Marc Davis,65,13,5
2018,playoffs,Mark Ayotte,12,4,3
2018,playoffs,Mark Lindsay,2,2,1
2018,playoffs,Mike Callahan,73,15,4.866666666666666
2018,playoffs,Pat Fraher,19,7,2.7142857142857144
2018,playoffs,Rodney Mott,4,2,2
2018,playoffs,Ron Garretson,8,4,2
2018,playoffs,Scott Foster,65,13,5
2018,playoffs,Sean Corbin,13,5,2.6
2018,playoffs,Sean Wright,7,7,1
2018,playoffs,Tom Washington,14,8,1.75
2018,playoffs,Tony Brothers,25,9,2.7777777777777777
2018,playoffs,Tony Brown,12,4,3
2018,playoffs,Zach Zarba,33,13,2.5384615384615383
2018,pre-season,Aaron Smith,3,3,1
2018,pre-season,Ben Taylor,9,3,3
2018,pre-season,Bennie Adams,6,2,3
2018,pre-season,Bill Kennedy,15,3,5
2018,pre-season,Bill Spooner,15,3,5
2018,pre-season,Brandon Adair,7,3,2.3333333333333335
2018,pre-season,Brent Barnaky,12,4,3
2018,pre-season,Brett Nansel,6,4,1.5
2018,pre-season,Brian Forte,11,3,3.6666666666666665
2018,pre-season,CJ Washington,4,4,1
2018,pre-season,Courtney Kirkland,10,2,5
2018,pre-season,Curtis Blair,9,3,3
2018,pre-season,David Guthrie,20,4,5
2018,pre-season,Dedric Taylor,4,4,1
2018,pre-season,Derek Richardson,5,3,1.6666666666666667
2018,pre-season,Derrick Collins,9,3,3
2018,pre-season,Derrick Stafford,15,3,5
2018,pre-season,Ed Malloy,15,3,5
2018,pre-season,Eric Dalen,9,3,3
2018,pre-season,Eric Lewis,11,3,3.6666666666666665
2018,pre-season,Gary Zielinski,8,4,2
2018,pre-season,Gediminas Petraitis,5,3,1.6666666666666667
2018,pre-season,Haywoode Workman,3,3,1
2018,pre-season,Jacyn Goble,8,4,2
2018,pre-season,James Capers,15,3,5
2018,pre-season,James Williams,15,3,5
2018,pre-season,Jason Goldenberg,4,4,1
2018,pre-season,JB DeRosa,2,2,1
2018,pre-season,John Goble,20,4,5
2018,pre-season,Jonathan Sterling,6,4,1.5
2018,pre-season,Josh Tiven,6,4,1.5
2018,pre-season,JT Orr,8,4,2
2018,pre-season,Justin Van Duyne,6,4,1.5
2018,pre-season,Kane Fitzgerald,15,3,5
2018,pre-season,Karl Lane,10,4,2.5
2018,pre-season,Ken Mauer,20,4,5
2018,pre-season,Kevin Cutler,12,4,3
2018,pre-season,Kevin Scott,8,4,2
2018,pre-season,Lauren Holtkamp,5,3,1.6666666666666667
2018,pre-season,Leon Wood,4,4,1
2018,pre-season,Leroy Richardson,8,4,2
2018,pre-season,Marat Kogut,10,4,2.5
2018,pre-season,Marc Davis,20,4,5
2018,pre-season,Mark Ayotte,12,4,3
2018,pre-season,Mark Lindsay,10,4,2.5
2018,pre-season,Matt Boland,12,4,3
2018,pre-season,Matt Myers,5,3,1.6666666666666667
2018,pre-season,Michael Smith,8,4,2
2018,pre-season,Mike Callahan,15,3,5
2018,pre-season,Mitchell Ervin,9,3,3
2018,pre-season,Monty McCutchen,15,3,5
2018,pre-season,Nick Buchert,12,4,3
2018,pre-season,Pat Fraher,15,3,5
2018,pre-season,Phenizee Ransom,3,3,1
2018,pre-season,Randy Richardson,6,2,3
2018,pre-season,Ray Acosta,9,3,3
2018,pre-season,Rodney Mott,15,3,5
2018,pre-season,Ron Garretson,15,3,5
2018,pre-season,Scott Foster,15,3,5
2018,pre-season,Scott Twardoski,3,3,1
2018,pre-season,Scott Wall,4,4,1
2018,pre-season,Sean Corbin,15,3,5
2018,pre-season,Sean Wright,15,3,5
2018,pre-season,Tom Washington,15,3,5
2018,pre-season,Tony Brothers,15,3,5
2018,pre-season,Tony Brown,14,4,3.5
2018,pre-season,Tre Maddox,7,3,2.3333333333333335
2018,pre-season,Tyler Ford,8,4,2
2018,pre-season,Vladimir Voyard-Tadal,2,2,1
2018,pre-season,Zach Zarba,15,3,5
2018,regular season,Aaron Smith,72,56,1.2857142857142858
2018,regular season,Ben Taylor,104,62,1.6774193548387097
2018,regular season,Bennie Adams,214,60,3.566666666666667
2018,regular season,Bill Kennedy,305,61,5
2018,regular season,Bill Spooner,220,44,5
2018,regular season,Brandon Adair,18,6,3
2018,regular season,Brent Barnaky,186,62,3
2018,regular season,Brett Nansel,73,43,1.697674418604651
2018,regular season,Brian Forte,208,62,3.3548387096774195
2018,regular season,CJ Washington,45,41,1.0975609756097562
2018,regular season,Courtney Kirkland,178,60,2.966666666666667
2018,regular season,Curtis Blair,160,58,2.7586206896551726
2018,regular season,David Guthrie,262,62,4.225806451612903
2018,regular season,Dedric Taylor,75,61,1.2295081967213115
2018,regular season,Derek Richardson,82,56,1.4642857142857142
2018,regular season,Derrick Collins,201,61,3.2950819672131146
2018,regular season,Derrick Stafford,285,57,5
2018,regular season,Ed Malloy,300,60,5
2018,regular season,Eric Dalen,66,26,2.5384615384615383
2018,regular season,Eric Lewis,202,58,3.4827586206896552
2018,regular season,Gary Zielinski,60,60,1
2018,regular season,Gediminas Petraitis,98,60,1.6333333333333333
2018,regular season,Haywoode Workman,66,56,1.1785714285714286
2018,regular season,Jacyn Goble,102,50,2.04
2018,regular season,James Capers,295,59,5
2018,regular season,James Williams,211,61,3.459016393442623
2018,regular season,Jason Goldenberg,93,39,2.3846153846153846
2018,regular season,Jason Phillips,160,32,5
2018,regular season,JB DeRosa,87,37,2.3513513513513513
2018,regular season,John Goble,305,61,5
2018,regular season,Jonathan Sterling,57,41,1.3902439024390243
2018,regular season,Josh Tiven,99,61,1.6229508196721312
2018,regular season,JT Orr,100,60,1.6666666666666667
2018,regular season,Justin Van Duyne,67,55,1.2181818181818183
2018,regular season,Kane Fitzgerald,296,60,4.933333333333334
2018,regular season,Karl Lane,133,63,2.111111111111111
2018,regular season,Ken Mauer,300,60,5
2018,regular season,Kevin Cutler,146,62,2.3548387096774195
2018,regular season,Kevin Scott,98,60,1.6333333333333333
2018,regular season,Lauren Holtkamp,119,55,2.1636363636363636
2018,regular season,Leon Wood,68,58,1.1724137931034482
2018,regular season,Leroy Richardson,106,58,1.8275862068965518
2018,regular season,Marat Kogut,127,61,2.081967213114754
2018,regular season,Marc Davis,295,59,5
2018,regular season,Mark Ayotte,178,60,2.966666666666667
2018,regular season,Mark Lindsay,152,62,2.4516129032258065
2018,regular season,Matt Boland,175,61,2.8688524590163933
2018,regular season,Matt Myers,3,3,1
2018,regular season,Michael Smith,90,60,1.5
2018,regular season,Mike Callahan,290,58,5
2018,regular season,Mitchell Ervin,119,47,2.5319148936170213
2018,regular season,Monty McCutchen,95,19,5
2018,regular season,Nick Buchert,170,62,2.7419354838709675
2018,regular season,Pat Fraher,225,61,3.6885245901639343
2018,regular season,Phenizee Ransom,11,7,1.5714285714285714
2018,regular season,Randy Richardson,10,6,1.6666666666666667
2018,regular season,Ray Acosta,102,34,3
2018,regular season,Rodney Mott,216,58,3.7241379310344827
2018,regular season,Ron Garretson,225,59,3.8135593220338984
2018,regular season,Scott Foster,305,61,5
2018,regular season,Scott Twardoski,76,60,1.2666666666666666
2018,regular season,Scott Wall,75,61,1.2295081967213115
2018,regular season,Sean Corbin,189,51,3.7058823529411766
2018,regular season,Sean Wright,290,58,5
2018,regular season,Tom Washington,295,59,5
2018,regular season,Tony Brothers,295,59,5
2018,regular season,Tony Brown,192,60,3.2
2018,regular season,Tre Maddox,94,56,1.6785714285714286
2018,regular season,Tyler Ford,153,59,2.593220338983051
2018,regular season,Vladimir Voyard-Tadal,10,8,1.25
2018,regular season,Zach Zarba,300,60,5
2019,playoffs,Ben Taylor,3,3,1
2019,playoffs,Brent Barnaky,1,1,1
2019,playoffs,Brian Forte,3,3,1
2019,playoffs,Courtney Kirkland,9,5,1.8
2019,playoffs,Curtis Blair,1,1,1
2019,playoffs,David Guthrie,34,12,2.8333333333333335
2019,playoffs,Derrick Collins,3,3,1
2019,playoffs,Ed Malloy,34,10,3.4
2019,playoffs,Eric Lewis,27,11,2.4545454545454546
2019,playoffs,Gediminas Petraitis,1,1,1
2019,playoffs,James Capers,70,14,5
2019,playoffs,Jason Phillips,31,11,2.8181818181818183
2019,playoffs,John Goble,30,12,2.5
2019,playoffs,Josh Tiven,18,8,2.25
2019,playoffs,Kane Fitzgerald,21,9,2.3333333333333335
2019,playoffs,Karl Lane,2,2,1
2019,playoffs,Ken Mauer,46,10,4.6
2019,playoffs,Kevin Cutler,2,2,1
2019,playoffs,Kevin Scott,9,7,1.2857142857142858
2019,playoffs,Marc Davis,70,14,5
2019,playoffs,Mark Lindsay,3,3,1
2019,playoffs,Michael Smith,3,3,1
2019,playoffs,Mike Callahan,75,15,5
2019,playoffs,Nick Buchert,3,3,1
2019,playoffs,Pat Fraher,15,9,1.6666666666666667
2019,playoffs,Rodney Mott,11,7,1.5714285714285714
2019,playoffs,Scott Foster,55,11,5
2019,playoffs,Scott Twardoski,1,1,1
2019,playoffs,Scott Wall,2,2,1
2019,playoffs,Sean Wright,19,9,2.111111111111111
2019,playoffs,Tom Washington,13,7,1.8571428571428572
2019,playoffs,Tony Brothers,49,13,3.769230769230769
2019,playoffs,Tony Brown,10,6,1.6666666666666667
2019,playoffs,Tre Maddox,2,2,1
2019,playoffs,Tyler Ford,4,4,1
2019,playoffs,Zach Zarba,58,12,4.833333333333333
2019,pre-season,Aaron Smith,3,3,1
2019,pre-season,Ashley Moyer-Gleich,2,2,1
2019,pre-season,Ben Taylor,10,4,2.5
2019,pre-season,Bill Kennedy,15,3,5
2019,pre-season,Brandon Adair,4,4,1
2019,pre-season,Brent Barnaky,14,4,3.5
2019,pre-season,Brett Nansel,4,4,1
2019,pre-season,Brian Forte,18,4,4.5
2019,pre-season,CJ Washington,4,4,1
2019,pre-season,Courtney Kirkland,6,2,3
2019,pre-season,Curtis Blair,10,4,2.5
2019,pre-season,David Guthrie,20,4,5
2019,pre-season,Dedric Taylor,15,5,3
2019,pre-season,Derek Richardson,4,4,1
2019,pre-season,Derrick Collins,16,4,4
2019,pre-season,Ed Malloy,15,3,5
2019,pre-season,Eric Dalen,3,3,1
2019,pre-season,Eric Lewis,20,4,5
2019,pre-season,Evan Scott,2,2,1
2019,pre-season,Gary Zielinski,6,2,3
2019,pre-season,Gediminas Petraitis,12,4,3
2019,pre-season,Haywoode Workman,4,4,1
2019,pre-season,Jacyn Goble,4,4,1
2019,pre-season,James Capers,15,3,5
2019,pre-season,James Williams,20,4,5
2019,pre-season,Jason Goldenberg,4,4,1
2019,pre-season,Jason Phillips,15,3,5
2019,pre-season,JB DeRosa,3,3,1
2019,pre-season,John Butler,2,2,1
2019,pre-season,John Goble,15,3,5
2019,pre-season,Jonathan Sterling,4,4,1
2019,pre-season,Josh Tiven,20,4,5
2019,pre-season,JT Orr,15,5,3
2019,pre-season,Justin Van Duyne,3,3,1
2019,pre-season,Kane Fitzgerald,15,3,5
2019,pre-season,Karl Lane,10,4,2.5
2019,pre-season,Ken Mauer,15,3,5
2019,pre-season,Kevin Cutler,5,3,1.6666666666666667
2019,pre-season,Kevin Scott,12,4,3
2019,pre-season,Leon Wood,3,3,1
2019,pre-season,Leroy Richardson,5,3,1.6666666666666667
2019,pre-season,Marat Kogut,12,4,3
2019,pre-season,Marc Davis,15,3,5
2019,pre-season,Mark Ayotte,14,4,3.5
2019,pre-season,Mark Lindsay,16,4,4
2019,pre-season,Matt Boland,12,4,3
2019,pre-season,Matt Myers,3,3,1
2019,pre-season,Michael Smith,12,4,3
2019,pre-season,Mike Callahan,15,3,5
2019,pre-season,Mitchell Ervin,4,4,1
2019,pre-season,Mousa Dagher,2,2,1
2019,pre-season,Natalie Sago,2,2,1
2019,pre-season,Nate Green,2,2,1
2019,pre-season,Nick Buchert,12,4,3
2019,pre-season,Pat Fraher,8,2,4
2019,pre-season,Phenizee Ransom,3,3,1
2019,pre-season,Ray Acosta,3,3,1
2019,pre-season,Rodney Mott,21,5,4.2
2019,pre-season,Ron Garretson,20,4,5
2019,pre-season,Scott Foster,15,3,5
2019,pre-season,Scott Twardoski,15,5,3
2019,pre-season,Sean Corbin,16,4,4
2019,pre-season,Sean Wright,15,3,5
2019,pre-season,Tom Washington,15,3,5
2019,pre-season,Tony Brothers,15,3,5
2019,pre-season,Tony Brown,16,4,4
2019,pre-season,Tre Maddox,12,4,3
2019,pre-season,Tyler Ford,9,3,3
2019,pre-season,Zach Zarba,15,3,5
2019,regular season,Aaron Smith,67,59,1.1355932203389831
2019,regular season,Ashley Moyer-Gleich,31,31,1
2019,regular season,Ben Taylor,177,63,2.8095238095238093
2019,regular season,Brandon Adair,44,44,1
2019,regular season,Brent Barnaky,174,62,2.806451612903226
2019,regular season,Brett Nansel,43,43,1
2019,regular season,Brian Forte,228,64,3.5625
2019,regular season,CJ Washington,41,41,1
2019,regular season,Courtney Kirkland,222,60,3.7
2019,regular season,Curtis Blair,154,62,2.4838709677419355
2019,regular season,David Guthrie,300,60,5
2019,regular season,Dedric Taylor,177,63,2.8095238095238093
2019,regular season,Derek Richardson,53,49,1.0816326530612246
2019,regular season,Derrick Collins,180,60,3
2019,regular season,Ed Malloy,320,64,5
2019,regular season,Eric Dalen,75,59,1.271186440677966
2019,regular season,Eric Lewis,315,63,5
2019,regular season,Evan Scott,10,10,1
2019,regular season,Gediminas Petraitis,149,63,2.365079365079365
2019,regular season,Haywoode Workman,46,46,1
2019,regular season,Jacyn Goble,49,49,1
2019,regular season,James Capers,295,59,5
2019,regular season,James Williams,276,62,4.451612903225806
2019,regular season,Jason Goldenberg,48,48,1
2019,regular season,Jason Phillips,310,62,5
2019,regular season,JB DeRosa,54,54,1
2019,regular season,John Butler,9,9,1
2019,regular season,John Goble,315,63,5
2019,regular season,Jonathan Sterling,45,45,1
2019,regular season,Josh Tiven,297,63,4.714285714285714
2019,regular season,JT Orr,113,61,1.8524590163934427
2019,regular season,Justin Van Duyne,49,49,1
2019,regular season,Kane Fitzgerald,315,63,5
2019,regular season,Karl Lane,189,63,3
2019,regular season,Ken Mauer,290,58,5
2019,regular season,Kevin Cutler,146,56,2.607142857142857
2019,regular season,Kevin Scott,186,60,3.1
2019,regular season,Leon Wood,62,52,1.1923076923076923
2019,regular season,Leroy Richardson,51,51,1
2019,regular season,Marat Kogut,171,63,2.7142857142857144
2019,regular season,Marc Davis,315,63,5
2019,regular season,Mark Ayotte,211,63,3.3492063492063493
2019,regular season,Mark Lindsay,201,63,3.1904761904761907
2019,regular season,Matt Boland,104,58,1.793103448275862
2019,regular season,Matt Myers,33,33,1
2019,regular season,Michael Smith,101,55,1.8363636363636364
2019,regular season,Mike Callahan,290,58,5
2019,regular season,Mitchell Ervin,62,58,1.0689655172413792
2019,regular season,Mousa Dagher,32,32,1
2019,regular season,Natalie Sago,31,31,1
2019,regular season,Nate Green,9,9,1
2019,regular season,Nick Buchert,161,63,2.5555555555555554
2019,regular season,Pat Fraher,290,64,4.53125
2019,regular season,Phenizee Ransom,32,32,1
2019,regular season,Ray Acosta,57,57,1
2019,regular season,Rodney Mott,282,64,4.40625
2019,regular season,Ron Garretson,197,59,3.3389830508474576
2019,regular season,Scott Foster,315,63,5
2019,regular season,Scott Twardoski,147,63,2.3333333333333335
2019,regular season,Scott Wall,105,55,1.9090909090909092
2019,regular season,Sean Corbin,95,21,4.523809523809524
2019,regular season,Sean Wright,320,64,5
2019,regular season,Tom Washington,295,59,5
2019,regular season,Tony Brothers,315,63,5
2019,regular season,Tony Brown,213,61,3.4918032786885247
2019,regular season,Tre Maddox,172,60,2.8666666666666667
2019,regular season,Tyler Ford,186,64,2.90625
2019,regular season,Zach Zarba,315,63,5
2020,all-star,Andy Nagy,5,1,5
2020,all-star,Courtney Kirkland,1,1,1
2020,all-star,Danielle Scott,1,1,1
2020,all-star,Eric Lewis,3,1,3
2020,all-star,JB DeRosa,1,1,1
2020,all-star,Justin Van Duyne,3,1,3
2020,all-star,Marc Davis,5,1,5
2020,all-star,Ray Acosta,5,1,5
2020,all-star,Suyash Mehta,3,1,3
2020,play-in,James Capers,5,1,5
2020,play-in,Pat Fraher,3,1,3
2020,play-in,Tony Brown,1,1,1
2020,playoffs,Ben Taylor,4,4,1
2020,playoffs,Bill Kennedy,19,9,2.111111111111111
2020,playoffs,Brian Forte,2,2,1
2020,playoffs,Courtney Kirkland,7,7,1
2020,playoffs,Curtis Blair,5,5,1
2020,playoffs,David Guthrie,40,12,3.3333333333333335
2020,playoffs,Dedric Taylor,2,2,1
2020,playoffs,Derrick Collins,3,3,1
2020,playoffs,Ed Malloy,13,5,2.6
2020,playoffs,Eric Lewis,33,13,2.5384615384615383
2020,playoffs,Gediminas Petraitis,2,2,1
2020,playoffs,James Capers,75,15,5
2020,playoffs,James Williams,10,6,1.6666666666666667
2020,playoffs,John Goble,56,12,4.666666666666667
2020,playoffs,Josh Tiven,34,12,2.8333333333333335
2020,playoffs,Kane Fitzgerald,60,14,4.285714285714286
2020,playoffs,Kevin Cutler,2,2,1
2020,playoffs,Kevin Scott,18,10,1.8
2020,playoffs,Leon Wood,2,2,1
2020,playoffs,Marc Davis,75,15,5
2020,playoffs,Mark Ayotte,2,2,1
2020,playoffs,Michael Smith,2,2,1
2020,playoffs,Pat Fraher,24,10,2.4
2020,playoffs,Rodney Mott,11,7,1.5714285714285714
2020,playoffs,Scott Foster,70,14,5
2020,playoffs,Sean Corbin,10,6,1.6666666666666667
2020,playoffs,Sean Wright,20,8,2.5
2020,playoffs,Tony Brothers,49,13,3.769230769230769
2020,playoffs,Tony Brown,22,10,2.2
2020,playoffs,Tre Maddox,12,8,1.5
2020,playoffs,Tyler Ford,5,5,1
2020,playoffs,Zach Zarba,58,12,4.833333333333333
2020,pre-season,Aaron Smith,10,6,1.6666666666666667
2020,pre-season,Andy Nagy,3,3,1
2020,pre-season,Ashley Moyer-Gleich,4,4,1
2020,pre-season,Ben Taylor,24,6,4
2020,pre-season,Bennie Adams,10,2,5
2020,pre-season,Bill Kennedy,10,2,5
2020,pre-season,Bill Spooner,5,1,5
2020,pre-season,Brandon Adair,4,4,1
2020,pre-season,Brent Barnaky,16,6,2.6666666666666665
2020,pre-season,Brett Nansel,3,3,1
2020,pre-season,Brian Forte,21,5,4.2
2020,pre-season,CJ Washington,4,4,1
2020,pre-season,Courtney Kirkland,23,5,4.6
2020,pre-season,Curtis Blair,15,5,3
2020,pre-season,David Guthrie,25,5,5
2020,pre-season,Dedric Taylor,12,6,2
2020,pre-season,Derek Richardson,9,3,3
2020,pre-season,Derrick Collins,21,5,4.2
2020,pre-season,Ed Malloy,25,5,5
2020,pre-season,Eric Dalen,9,3,3
2020,pre-season,Eric Lewis,25,5,5
2020,pre-season,Evan Scott,4,4,1
2020,pre-season,Gediminas Petraitis,15,5,3
2020,pre-season,Haywoode Workman,3,3,1
2020,pre-season,Jacyn Goble,11,7,1.5714285714285714
2020,pre-season,James Capers,25,5,5
2020,pre-season,James Williams,24,6,4
2020,pre-season,Jason Goldenberg,8,4,2
2020,pre-season,JB DeRosa,12,6,2
2020,pre-season,Jenna Schroeder,4,4,1
2020,pre-season,John Butler,4,4,1
2020,pre-season,John Conley,3,3,1
2020,pre-season,John Goble,25,5,5
2020,pre-season,Jonathan Sterling,9,3,3
2020,pre-season,Josh Tiven,26,6,4.333333333333333
2020,pre-season,JT Orr,10,6,1.6666666666666667
2020,pre-season,Justin Van Duyne,3,3,1
2020,pre-season,Kane Fitzgerald,25,5,5
2020,pre-season,Karl Lane,11,5,2.2
2020,pre-season,Ken Mauer,15,3,5
2020,pre-season,Kevin Cutler,9,3,3
2020,pre-season,Kevin Fahy,1,1,1
2020,pre-season,Kevin Scott,28,6,4.666666666666667
2020,pre-season,Leon Wood,11,7,1.5714285714285714
2020,pre-season,Leroy Richardson,7,3,2.3333333333333335
2020,pre-season,Marat Kogut,14,6,2.3333333333333335
2020,pre-season,Marc Davis,25,5,5
2020,pre-season,Mark Ayotte,19,5,3.8
2020,pre-season,Mark Lindsay,21,5,4.2
2020,pre-season,Matt Boland,12,6,2
2020,pre-season,Matt Myers,4,4,1
2020,pre-season,Michael Smith,18,6,3
2020,pre-season,Mitchell Ervin,12,6,2
2020,pre-season,Mousa Dagher,4,4,1
2020,pre-season,Natalie Sago,4,4,1
2020,pre-season,Nate Green,4,4,1
2020,pre-season,Nick Buchert,21,5,4.2
2020,pre-season,Pat Fraher,25,5,5
2020,pre-season,Phenizee Ransom,4,4,1
2020,pre-season,Ray Acosta,13,7,1.8571428571428572
2020,pre-season,Rodney Mott,19,5,3.8
2020,pre-season,Scott Foster,25,5,5
2020,pre-season,Scott Twardoski,12,6,2
2020,pre-season,Scott Wall,9,3,3
2020,pre-season,Sean Corbin,21,5,4.2
2020,pre-season,Sean Wright,25,5,5
2020,pre-season,Simone Jelks,3,3,1
2020,pre-season,Suyash Mehta,4,4,1
2020,pre-season,Tom Washington,15,3,5
2020,pre-season,Tony Brothers,25,5,5
2020,pre-season,Tony Brown,19,5,3.8
2020,pre-season,Tre Maddox,20,6,3.3333333333333335
2020,pre-season,Tyler Ford,15,5,3
2020,pre-season,Zach Zarba,25,5,5
2020,regular season,Aaron Smith,112,48,2.3333333333333335
2020,regular season,Andy Nagy,13,13,1
2020,regular season,Ashley Moyer-Gleich,30,30,1
2020,regular season,Ben Taylor,195,57,3.4210526315789473
2020,regular season,Bennie Adams,6,2,3
2020,regular season,Bill Kennedy,108,32,3.375
2020,regular season,Bill Spooner,15,3,5
2020,regular season,Brandon Adair,36,36,1
2020,regular season,Brent Barnaky,148,54,2.740740740740741
2020,regular season,Brett Nansel,30,30,1
2020,regular season,Brian Forte,208,56,3.7142857142857144
2020,regular season,CJ Washington,36,36,1
2020,regular season,Courtney Kirkland,205,53,3.8679245283018866
2020,regular season,Curtis Blair,153,53,2.8867924528301887
2020,regular season,David Guthrie,265,53,5
2020,regular season,Dedric Taylor,87,55,1.5818181818181818
2020,regular season,Derek Richardson,39,39,1
2020,regular season,Derrick Collins,168,56,3
2020,regular season,Ed Malloy,265,53,5
2020,regular season,Eric Dalen,80,44,1.8181818181818181
2020,regular season,Eric Lewis,270,54,5
2020,regular season,Evan Scott,28,28,1
2020,regular season,Gediminas Petraitis,160,56,2.857142857142857
2020,regular season,Haywoode Workman,15,15,1
2020,regular season,Jacyn Goble,48,48,1
2020,regular season,James Capers,260,52,5
2020,regular season,James Williams,233,57,4.087719298245614
2020,regular season,Jason Goldenberg,36,36,1
2020,regular season,JB DeRosa,49,49,1
2020,regular season,Jenna Schroeder,27,27,1
2020,regular season,John Butler,30,30,1
2020,regular season,John Conley,8,8,1
2020,regular season,John Goble,275,55,5
2020,regular season,Jonathan Sterling,40,40,1
2020,regular season,Josh Tiven,276,56,4.928571428571429
2020,regular season,JT Orr,119,53,2.2452830188679247
2020,regular season,Justin Van Duyne,43,43,1
2020,regular season,Kane Fitzgerald,275,55,5
2020,regular season,Karl Lane,150,56,2.6785714285714284
2020,regular season,Ken Mauer,230,46,5
2020,regular season,Kevin Cutler,156,56,2.7857142857142856
2020,regular season,Kevin Scott,230,54,4.2592592592592595
2020,regular season,Lauren Holtkamp,20,20,1
2020,regular season,Leon Wood,45,45,1
2020,regular season,Leroy Richardson,34,34,1
2020,regular season,Marat Kogut,119,53,2.2452830188679247
2020,regular season,Marc Davis,260,52,5
2020,regular season,Mark Ayotte,196,52,3.769230769230769
2020,regular season,Mark Lindsay,153,53,2.8867924528301887
2020,regular season,Matt Boland,61,43,1.4186046511627908
2020,regular season,Matt Myers,29,29,1
2020,regular season,Michael Smith,138,50,2.76
2020,regular season,Mitchell Ervin,106,54,1.962962962962963
2020,regular season,Mousa Dagher,32,32,1
2020,regular season,Natalie Sago,32,32,1
2020,regular season,Nate Green,27,27,1
2020,regular season,Nick Buchert,166,56,2.9642857142857144
2020,regular season,Pat Fraher,270,54,5
2020,regular season,Phenizee Ransom,29,29,1
2020,regular season,Ray Acosta,75,49,1.530612244897959
2020,regular season,Rodney Mott,224,48,4.666666666666667
2020,regular season,Scott Foster,265,53,5
2020,regular season,Scott Twardoski,129,53,2.4339622641509435
2020,regular season,Scott Wall,118,42,2.8095238095238093
2020,regular season,Sean Corbin,235,53,4.433962264150943
2020,regular season,Sean Wright,255,51,5
2020,regular season,Simone Jelks,16,16,1
2020,regular season,Suyash Mehta,13,13,1
2020,regular season,Tom Washington,235,47,5
2020,regular season,Tony Brothers,270,54,5
2020,regular season,Tony Brown,242,54,4.481481481481482
2020,regular season,Tre Maddox,182,54,3.3703703703703702
2020,regular season,Tyler Ford,165,55,3
2020,regular season,Zach Zarba,260,52,5
2021,play-in,Ben Taylor,1,1,1
2021,play-in,Courtney Kirkland,3,1,3
2021,play-in,Curtis Blair,1,1,1
2021,play-in,David Guthrie,5,1,5
2021,play-in,Eric Lewis,6,2,3
2021,play-in,James Williams,2,2,1
2021,play-in,John Goble,5,1,5
2021,play-in,Josh Tiven,3,1,3
2021,play-in,Marc Davis,5,1,5
2021,play-in,Mark Lindsay,1,1,1
2021,play-in,Rodney Mott,3,1,3
2021,play-in,Scott Foster,10,2,5
2021,play-in,Sean Wright,3,1,3
2021,play-in,Tony Brothers,5,1,5
2021,play-in,Tre Maddox,1,1,1
2021,playoffs,Ben Taylor,18,8,2.25
2021,playoffs,Bill Kennedy,17,7,2.4285714285714284
2021,playoffs,Brent Barnaky,2,2,1
2021,playoffs,Brian Forte,4,4,1
2021,playoffs,Courtney Kirkland,20,10,2
2021,playoffs,Curtis Blair,10,8,1.25
2021,playoffs,David Guthrie,58,12,4.833333333333333
2021,playoffs,Dedric Taylor,1,1,1
2021,playoffs,Derrick Collins,2,2,1
2021,playoffs,Ed Malloy,11,5,2.2
2021,playoffs,Eric Lewis,47,13,3.6153846153846154
2021,playoffs,Jacyn Goble,1,1,1
2021,playoffs,James Capers,65,13,5
2021,playoffs,James Williams,18,10,1.8
2021,playoffs,JB DeRosa,1,1,1
2021,playoffs,John Goble,44,10,4.4
2021,playoffs,Josh Tiven,40,12,3.3333333333333335
2021,playoffs,Kane Fitzgerald,44,10,4.4
2021,playoffs,Karl Lane,2,2,1
2021,playoffs,Ken Mauer,20,8,2.5
2021,playoffs,Kevin Cutler,3,3,1
2021,playoffs,Kevin Scott,15,7,2.142857142857143
2021,playoffs,Marc Davis,70,14,5
2021,playoffs,Mark Lindsay,5,5,1
2021,playoffs,Michael Smith,4,4,1
2021,playoffs,Pat Fraher,25,9,2.7777777777777777
2021,playoffs,Rodney Mott,9,5,1.8
2021,playoffs,Scott Foster,60,12,5
2021,playoffs,Scott Wall,1,1,1
2021,playoffs,Sean Corbin,5,5,1
2021,playoffs,Sean Wright,26,12,2.1666666666666665
2021,playoffs,Tom Washington,5,5,1
2021,playoffs,Tony Brothers,30,10,3
2021,playoffs,Tre Maddox,11,5,2.2
2021,playoffs,Tyler Ford,6,6,1
2021,playoffs,Zach Zarba,65,13,5
2021,pre-season,Aaron Smith,7,3,2.3333333333333335
2021,pre-season,Andy Nagy,2,2,1
2021,pre-season,Ashley Moyer-Gleich,2,2,1
2021,pre-season,Ben Taylor,20,4,5
2021,pre-season,Bill Kennedy,10,2,5
2021,pre-season,Bill Spooner,8,4,2
2021,pre-season,Brandon Adair,4,2,2
2021,pre-season,Brandon Schwab,2,2,1
2021,pre-season,Brent Barnaky,6,2,3
2021,pre-season,Brian Forte,10,2,5
2021,pre-season,Courtney Kirkland,15,3,5
2021,pre-season,Curtis Blair,10,2,5
2021,pre-season,Danielle Scott,3,3,1
2021,pre-season,Dannica Mosher,2,2,1
2021,pre-season,David Guthrie,10,2,5
2021,pre-season,Dedric Taylor,6,2,3
2021,pre-season,Derek Richardson,6,2,3
2021,pre-season,Derrick Collins,10,2,5
2021,pre-season,Eric Dalen,6,2,3
2021,pre-season,Eric Lewis,10,2,5
2021,pre-season,Evan Scott,2,2,1
2021,pre-season,Gediminas Petraitis,15,3,5
2021,pre-season,Haywoode Workman,3,3,1
2021,pre-season,Jacyn Goble,6,2,3
2021,pre-season,James Williams,10,2,5
2021,pre-season,Jason Goldenberg,9,3,3
2021,pre-season,JB DeRosa,6,2,3
2021,pre-season,Jenna Schroeder,3,3,1
2021,pre-season,John Butler,2,2,1
2021,pre-season,John Conley,2,2,1
2021,pre-season,Jonathan Sterling,4,2,2
2021,pre-season,Josh Tiven,15,3,5
2021,pre-season,JT Orr,6,2,3
2021,pre-season,Justin Van Duyne,8,4,2
2021,pre-season,Karl Lane,6,2,3
2021,pre-season,Ken Mauer,10,2,5
2021,pre-season,Kevin Cutler,13,3,4.333333333333333
2021,pre-season,Kevin Scott,15,3,5
2021,pre-season,Lauren Holtkamp,6,2,3
2021,pre-season,Leon Wood,9,3,3
2021,pre-season,Leroy Richardson,4,2,2
2021,pre-season,Marat Kogut,9,3,3
2021,pre-season,Mark Ayotte,10,2,5
2021,pre-season,Matt Boland,6,2,3
2021,pre-season,Matt Kallio,2,2,1
2021,pre-season,Matt Myers,3,3,1
2021,pre-season,Michael Smith,10,2,5
2021,pre-season,Mitchell Ervin,6,2,3
2021,pre-season,Nate Green,2,2,1
2021,pre-season,Nick Buchert,9,3,3
2021,pre-season,Phenizee Ransom,2,2,1
2021,pre-season,Ray Acosta,3,1,3
2021,pre-season,Robert Hussey,3,3,1
2021,pre-season,Rodney Mott,10,2,5
2021,pre-season,Scott Twardoski,6,2,3
2021,pre-season,Scott Wall,6,2,3
2021,pre-season,Sean Wright,15,3,5
2021,pre-season,Simone Jelks,2,2,1
2021,pre-season,Suyash Mehta,3,3,1
2021,pre-season,Tony Brothers,10,2,5
2021,pre-season,Tony Brown,10,2,5
2021,pre-season,Tyler Ford,10,2,5
2021,regular season,Aaron Smith,156,54,2.888888888888889
2021,regular season,Andy Nagy,40,40,1
2021,regular season,Ashley Moyer-Gleich,54,46,1.173913043478261
2021,regular season,Ben Taylor,202,50,4.04
2021,regular season,Bennie Adams,23,23,1
2021,regular season,Bill Kennedy,213,43,4.953488372093023
2021,regular season,Bill Spooner,9,3,3
2021,regular season,Brandon Adair,68,46,1.4782608695652173
2021,regular season,Brandon Schwab,20,20,1
2021,regular season,Brent Barnaky,129,47,2.74468085106383
2021,regular season,Brett Nansel,42,42,1
2021,regular season,Brian Forte,195,53,3.6792452830188678
2021,regular season,CJ Washington,43,39,1.1025641025641026
2021,regular season,Courtney Kirkland,230,46,5
2021,regular season,Curtis Blair,225,53,4.245283018867925
2021,regular season,Danielle Scott,26,26,1
2021,regular season,Dannica Mosher,23,23,1
2021,regular season,David Guthrie,185,37,5
2021,regular season,Dedric Taylor,160,54,2.962962962962963
2021,regular season,Derek Richardson,76,44,1.7272727272727273
2021,regular season,Derrick Collins,170,50,3.4
2021,regular season,Ed Malloy,218,44,4.954545454545454
2021,regular season,Eric Dalen,113,53,2.1320754716981134
2021,regular season,Eric Lewis,260,52,5
2021,regular season,Evan Scott,36,36,1
2021,regular season,Gediminas Petraitis,156,52,3
2021,regular season,Haywoode Workman,40,40,1
2021,regular season,Jacyn Goble,119,47,2.5319148936170213
2021,regular season,James Capers,265,53,5
2021,regular season,James Williams,216,48,4.5
2021,regular season,Jason Goldenberg,41,41,1
2021,regular season,JB DeRosa,115,51,2.2549019607843137
2021,regular season,Jenna Schroeder,38,38,1
2021,regular season,John Butler,39,39,1
2021,regular season,John Conley,25,25,1
2021,regular season,John Goble,250,50,5
2021,regular season,Jonathan Sterling,64,44,1.4545454545454546
2021,regular season,Josh Tiven,270,54,5
2021,regular season,JT Orr,7,3,2.3333333333333335
2021,regular season,Justin Van Duyne,67,51,1.3137254901960784
2021,regular season,Kane Fitzgerald,205,41,5
2021,regular season,Karl Lane,152,52,2.923076923076923
2021,regular season,Ken Mauer,245,49,5
2021,regular season,Kevin Cutler,139,43,3.2325581395348837
2021,regular season,Kevin Scott,245,49,5
2021,regular season,Lauren Holtkamp,68,34,2
2021,regular season,Leon Wood,127,43,2.953488372093023
2021,regular season,Leroy Richardson,41,39,1.0512820512820513
2021,regular season,Marat Kogut,147,49,3
2021,regular season,Marc Davis,280,56,5
2021,regular season,Mark Ayotte,172,50,3.44
2021,regular season,Mark Lindsay,90,30,3
2021,regular season,Matt Boland,107,43,2.488372093023256
2021,regular season,Matt Kallio,20,20,1
2021,regular season,Matt Myers,33,33,1
2021,regular season,Michael Smith,150,48,3.125
2021,regular season,Mitchell Ervin,147,53,2.7735849056603774
2021,regular season,Mousa Dagher,44,44,1
2021,regular season,Natalie Sago,95,47,2.021276595744681
2021,regular season,Nate Green,46,46,1
2021,regular season,Nick Buchert,144,48,3
2021,regular season,Pat Fraher,110,22,5
2021,regular season,Phenizee Ransom,39,39,1
2021,regular season,Ray Acosta,60,40,1.5
2021,regular season,Robert Hussey,23,23,1
2021,regular season,Rodney Mott,245,49,5
2021,regular season,Scott Foster,230,46,5
2021,regular season,Scott Twardoski,116,48,2.4166666666666665
2021,regular season,Scott Wall,116,46,2.5217391304347827
2021,regular season,Sean Corbin,204,48,4.25
2021,regular season,Sean Wright,229,47,4.872340425531915
2021,regular season,Simone Jelks,33,33,1
2021,regular season,Suyash Mehta,33,33,1
2021,regular season,Tom Washington,133,37,3.5945945945945947
2021,regular season,Tony Brothers,240,48,5
2021,regular season,Tony Brown,200,40,5
2021,regular season,Tre Maddox,183,37,4.945945945945946
2021,regular season,Tyler Ford,147,45,3.2666666666666666
2021,regular season,Zach Zarba,270,54,5
2022,all-star,Brian Forte,1,1,1
2022,all-star,James Williams,3,1,3
2022,all-star,Kane Fitzgerald,5,1,5
2022,play-in,Ben Taylor,1,1,1
2022,play-in,Bill Kennedy,1,1,1
2022,play-in,Curtis Blair,3,1,3
2022,play-in,David Guthrie,5,1,5
2022,play-in,Ed Malloy,3,1,3
2022,play-in,Eric Lewis,3,1,3
2022,play-in,Jacyn Goble,1,1,1
2022,play-in,James Capers,5,1,5
2022,play-in,James Williams,3,1,3
2022,play-in,Josh Tiven,3,1,3
2022,play-in,Kane Fitzgerald,5,1,5
2022,play-in,Marc Davis,5,1,5
2022,play-in,Mark Lindsay,1,1,1
2022,play-in,Scott Foster,5,1,5
2022,play-in,Sean Wright,3,1,3
2022,play-in,Tom Washington,1,1,1
2022,play-in,Tyler Ford,1,1,1
2022,play-in,Zach Zarba,5,1,5
2022,playoffs,Ben Taylor,13,7,1.8571428571428572
2022,playoffs,Bill Kennedy,13,7,1.8571428571428572
2022,playoffs,Brent Barnaky,2,2,1
2022,playoffs,Brian Forte,4,4,1
2022,playoffs,Courtney Kirkland,29,11,2.6363636363636362
2022,playoffs,Curtis Blair,19,9,2.111111111111111
2022,playoffs,David Guthrie,65,15,4.333333333333333
2022,playoffs,Ed Malloy,11,7,1.5714285714285714
2022,playoffs,Eric Dalen,1,1,1
2022,playoffs,Eric Lewis,36,10,3.6
2022,playoffs,Gediminas Petraitis,4,4,1
2022,playoffs,Jacyn Goble,4,4,1
2022,playoffs,James Capers,73,15,4.866666666666666
2022,playoffs,James Williams,26,10,2.6
2022,playoffs,JB DeRosa,2,2,1
2022,playoffs,John Goble,45,13,3.4615384615384617
2022,playoffs,Josh Tiven,33,13,2.5384615384615383
2022,playoffs,Justin Van Duyne,1,1,1
2022,playoffs,Kane Fitzgerald,59,13,4.538461538461538
2022,playoffs,Karl Lane,4,4,1
2022,playoffs,Kevin Cutler,1,1,1
2022,playoffs,Marc Davis,65,13,5
2022,playoffs,Mark Lindsay,15,9,1.6666666666666667
2022,playoffs,Michael Smith,2,2,1
2022,playoffs,Mitchell Ervin,4,4,1
2022,playoffs,Nick Buchert,2,2,1
2022,playoffs,Pat Fraher,10,6,1.6666666666666667
2022,playoffs,Rodney Mott,4,4,1
2022,playoffs,Scott Foster,70,14,5
2022,playoffs,Scott Twardoski,1,1,1
2022,playoffs,Sean Wright,25,9,2.7777777777777777
2022,playoffs,Tom Washington,4,4,1
2022,playoffs,Tony Brothers,33,11,3
2022,playoffs,Tre Maddox,9,5,1.8
2022,playoffs,Tyler Ford,14,8,1.75
2022,playoffs,Zach Zarba,80,16,5
2022,pre-season,Aaron Smith,6,2,3
2022,pre-season,Andy Nagy,3,3,1
2022,pre-season,Ben Taylor,15,3,5
2022,pre-season,Blanca Burns,2,2,1
2022,pre-season,Brandon Adair,7,3,2.3333333333333335
2022,pre-season,Brandon Schwab,2,2,1
2022,pre-season,Brent Barnaky,12,4,3
2022,pre-season,Brent Haskill,2,2,1
2022,pre-season,Brett Nansel,7,3,2.3333333333333335
2022,pre-season,Brian Forte,13,3,4.333333333333333
2022,pre-season,Cheryl Flores,3,3,1
2022,pre-season,CJ Washington,2,2,1
2022,pre-season,Courtney Kirkland,5,1,5
2022,pre-season,Curtis Blair,15,3,5
2022,pre-season,Danielle Scott,2,2,1
2022,pre-season,Dannica Mosher,3,3,1
2022,pre-season,David Guthrie,10,2,5
2022,pre-season,Dedric Taylor,9,3,3
2022,pre-season,Derek Richardson,9,3,3
2022,pre-season,Derrick Collins,15,3,5
2022,pre-season,Ed Malloy,15,3,5
2022,pre-season,Eric Dalen,9,3,3
2022,pre-season,Eric Lewis,15,3,5
2022,pre-season,Evan Scott,3,3,1
2022,pre-season,Gediminas Petraitis,7,3,2.3333333333333335
2022,pre-season,Jacyn Goble,9,3,3
2022,pre-season,James Capers,10,2,5
2022,pre-season,James Williams,15,3,5
2022,pre-season,JB DeRosa,9,3,3
2022,pre-season,JD Ralls,3,3,1
2022,pre-season,Jenna Reneau,3,3,1
2022,pre-season,Jenna Schroeder,2,2,1
2022,pre-season,John Butler,3,3,1
2022,pre-season,John Conley,5,3,1.6666666666666667
2022,pre-season,Jonathan Sterling,2,2,1
2022,pre-season,Josh Tiven,10,2,5
2022,pre-season,JT Orr,9,3,3
2022,pre-season,Justin Van Duyne,9,3,3
2022,pre-season,Kane Fitzgerald,10,2,5
2022,pre-season,Karl Lane,15,3,5
2022,pre-season,Kevin Cutler,15,3,5
2022,pre-season,Kevin Scott,15,3,5
2022,pre-season,Lauren Holtkamp,12,4,3
2022,pre-season,Leon Wood,9,3,3
2022,pre-season,Marat Kogut,9,3,3
2022,pre-season,Marc Davis,10,2,5
2022,pre-season,Mark Lindsay,15,3,5
2022,pre-season,Matt Boland,6,2,3
2022,pre-season,Matt Kallio,3,3,1
2022,pre-season,Matt Myers,3,3,1
2022,pre-season,Michael Smith,9,3,3
2022,pre-season,Mitchell Ervin,9,3,3
2022,pre-season,Mousa Dagher,2,2,1
2022,pre-season,Natalie Sago,9,3,3
2022,pre-season,Nate Green,2,2,1
2022,pre-season,Nick Buchert,9,3,3
2022,pre-season,Pat Fraher,15,3,5
2022,pre-season,Phenizee Ransom,3,3,1
2022,pre-season,Ray Acosta,7,3,2.3333333333333335
2022,pre-season,Robert Hussey,3,3,1
2022,pre-season,Rodney Mott,15,3,5
2022,pre-season,Scott Foster,10,2,5
2022,pre-season,Scott Twardoski,7,3,2.3333333333333335
2022,pre-season,Scott Wall,9,3,3
2022,pre-season,Sean Corbin,10,2,5
2022,pre-season,Sean Wright,15,3,5
2022,pre-season,Simone Jelks,3,3,1
2022,pre-season,Suyash Mehta,3,3,1
2022,pre-season,Tom Washington,5,1,5
2022,pre-season,Tony Brothers,10,2,5
2022,pre-season,Tre Maddox,10,2,5
2022,pre-season,Tyler Ford,15,3,5
2022,pre-season,Tyler Ricks,2,2,1
2022,pre-season,Zach Zarba,10,2,5
2022,regular season,Aaron Smith,80,54,1.4814814814814814
2022,regular season,Andy Nagy,52,48,1.0833333333333333
2022,regular season,Ashley Moyer-Gleich,4,4,1
2022,regular season,Ben Taylor,288,66,4.363636363636363
2022,regular season,Bennie Adams,54,46,1.173913043478261
2022,regular season,Bill Kennedy,298,60,4.966666666666667
2022,regular season,Blanca Burns,8,8,1
2022,regular season,Brandon Adair,113,59,1.9152542372881356
2022,regular season,Brandon Schwab,39,39,1
2022,regular season,Brent Barnaky,200,64,3.125
2022,regular season,Brent Haskill,7,5,1.4
2022,regular season,Brett Nansel,58,52,1.1153846153846154
2022,regular season,Brian Forte,221,61,3.622950819672131
2022,regular season,Cheryl Flores,12,12,1
2022,regular season,CJ Washington,47,39,1.205128205128205
2022,regular season,Clare Aubry,3,3,1
2022,regular season,Courtney Kirkland,275,55,5
2022,regular season,Curtis Blair,271,61,4.442622950819672
2022,regular season,Danielle Scott,33,33,1
2022,regular season,Dannica Mosher,12,12,1
2022,regular season,David Guthrie,290,58,5
2022,regular season,Dedric Taylor,177,59,3
2022,regular season,Derek Richardson,123,55,2.2363636363636363
2022,regular season,Derrick Collins,188,58,3.2413793103448274
2022,regular season,Ed Malloy,254,54,4.703703703703703
2022,regular season,Eric Dalen,126,44,2.8636363636363638
2022,regular season,Eric Lewis,290,58,5
2022,regular season,Evan Scott,40,40,1
2022,regular season,Gediminas Petraitis,128,60,2.1333333333333333
2022,regular season,Isaac Barnett,1,1,1
2022,regular season,Jacyn Goble,192,64,3
2022,regular season,James Capers,250,50,5
2022,regular season,James Williams,300,60,5
2022,regular season,Jason Goldenberg,55,41,1.3414634146341464
2022,regular season,JB DeRosa,190,64,2.96875
2022,regular season,JD Ralls,12,12,1
2022,regular season,Jenna Reneau,14,12,1.1666666666666667
2022,regular season,Jenna Schroeder,37,37,1
2022,regular season,John Butler,45,45,1
2022,regular season,John Conley,29,29,1
2022,regular season,John Goble,230,46,5
2022,regular season,Jonathan Sterling,67,53,1.2641509433962264
2022,regular season,Josh Tiven,315,63,5
2022,regular season,JT Orr,113,55,2.0545454545454547
2022,regular season,Justin Van Duyne,94,56,1.6785714285714286
2022,regular season,Kane Fitzgerald,240,48,5
2022,regular season,Karl Lane,197,61,3.2295081967213113
2022,regular season,Kevin Cutler,221,61,3.622950819672131
2022,regular season,Kevin Scott,211,43,4.906976744186046
2022,regular season,Lauren Holtkamp,115,55,2.090909090909091
2022,regular season,Leon Wood,106,52,2.0384615384615383
2022,regular season,Marat Kogut,104,54,1.9259259259259258
2022,regular season,Marc Davis,273,55,4.963636363636364
2022,regular season,Mark Lindsay,235,63,3.7301587301587302
2022,regular season,Matt Boland,95,55,1.7272727272727273
2022,regular season,Matt Kallio,10,10,1
2022,regular season,Matt Myers,45,41,1.0975609756097562
2022,regular season,Michael Smith,170,56,3.0357142857142856
2022,regular season,Mitchell Ervin,184,64,2.875
2022,regular season,Mousa Dagher,50,44,1.1363636363636365
2022,regular season,Natalie Sago,140,64,2.1875
2022,regular season,Nate Green,28,28,1
2022,regular season,Nick Buchert,168,64,2.625
2022,regular season,Pat Fraher,300,60,5
2022,regular season,Pat OConnell,3,3,1
2022,regular season,Phenizee Ransom,51,47,1.0851063829787233
2022,regular season,Ray Acosta,116,64,1.8125
2022,regular season,Robert Hussey,10,10,1
2022,regular season,Rodney Mott,205,41,5
2022,regular season,Scott Foster,215,43,5
2022,regular season,Scott Twardoski,67,53,1.2641509433962264
2022,regular season,Scott Wall,113,47,2.404255319148936
2022,regular season,Sean Corbin,113,29,3.896551724137931
2022,regular season,Sean Wright,315,63,5
2022,regular season,Sharae Mitchell,4,4,1
2022,regular season,Simone Jelks,1,1,1
2022,regular season,Suyash Mehta,51,47,1.0851063829787233
2022,regular season,Tom Washington,188,50,3.76
2022,regular season,Tony Brothers,295,59,5
2022,regular season,Tre Maddox,214,54,3.962962962962963
2022,regular season,Tyler Ford,267,67,3.985074626865672
2022,regular season,Tyler Mirkovich,1,1,1
2022,regular season,Tyler Ricks,9,9,1
2022,regular season,Zach Zarba,300,60,5
2023,pre-season,Aaron Smith,9,3,3
2023,pre-season,Andy Nagy,5,3,1.6666666666666667
2023,pre-season,Ashley Moyer-Gleich,9,3,3
2023,pre-season,Ben Taylor,11,3,3.6666666666666665
2023,pre-season,Bill Kennedy,15,3,5
2023,pre-season,Brandon Adair,9,3,3
2023,pre-season,Brandon Schwab,3,3,1
2023,pre-season,Brent Barnaky,9,3,3
2023,pre-season,Brent Haskill,3,3,1
2023,pre-season,Brett Nansel,9,3,3
2023,pre-season,Brian Forte,15,3,5
2023,pre-season,Cheryl Flores,2,2,1
2023,pre-season,CJ Washington,2,2,1
2023,pre-season,Courtney Kirkland,15,3,5
2023,pre-season,Curtis Blair,15,3,5
2023,pre-season,Danielle Scott,2,2,1
2023,pre-season,Dannica Mosher,2,2,1
2023,pre-season,David Guthrie,10,2,5
2023,pre-season,Dedric Taylor,9,3,3
2023,pre-season,Derek Richardson,6,2,3
2023,pre-season,Derrick Collins,12,4,3
2023,pre-season,Ed Malloy,15,3,5
2023,pre-season,Eric Dalen,9,3,3
2023,pre-season,Eric Lewis,10,2,5
2023,pre-season,Evan Scott,2,2,1
2023,pre-season,Gediminas Petraitis,16,4,4
2023,pre-season,Intae hwang,3,3,1
2023,pre-season,Jacyn Goble,13,3,4.333333333333333
2023,pre-season,James Capers,10,2,5
2023,pre-season,James Williams,15,3,5
2023,pre-season,Jason Goldenberg,2,2,1
2023,pre-season,JB DeRosa,5,3,1.6666666666666667
2023,pre-season,JD Ralls,3,3,1
2023,pre-season,Jenna Reneau,3,3,1
2023,pre-season,Jenna Schroeder,2,2,1
2023,pre-season,John Butler,2,2,1
2023,pre-season,John Conley,2,2,1
2023,pre-season,John Goble,15,3,5
2023,pre-season,Jonathan Sterling,4,2,2
2023,pre-season,Josh Tiven,15,3,5
2023,pre-season,JT Orr,2,2,1
2023,pre-season,Justin Van Duyne,12,4,3
2023,pre-season,Karl Lane,13,3,4.333333333333333
2023,pre-season,Kevin Cutler,13,3,4.333333333333333
2023,pre-season,Kevin Scott,15,3,5
2023,pre-season,Lauren Holtkamp,9,3,3
2023,pre-season,Leon Wood,9,3,3
2023,pre-season,Marat Kogut,6,2,3
2023,pre-season,Marc Davis,15,3,5
2023,pre-season,Matt Boland,9,3,3
2023,pre-season,Matt Kallio,2,2,1
2023,pre-season,Matt Myers,2,2,1
2023,pre-season,Michael Smith,9,3,3
2023,pre-season,Mitchell Ervin,13,3,4.333333333333333
2023,pre-season,Mousa Dagher,2,2,1
2023,pre-season,Natalie Sago,9,3,3
2023,pre-season,Nate Green,2,2,1
2023,pre-season,Nick Buchert,6,2,3
2023,pre-season,Pat Fraher,15,3,5
2023,pre-season,Pat OConnell,3,3,1
2023,pre-season,Phenizee Ransom,2,2,1
2023,pre-season,Ray Acosta,5,3,1.6666666666666667
2023,pre-season,Robert Hussey,2,2,1
2023,pre-season,Rodney Mott,13,3,4.333333333333333
2023,pre-season,Scott Foster,15,3,5
2023,pre-season,Scott Twardoski,12,4,3
2023,pre-season,Scott Wall,2,2,1
2023,pre-season,Sean Corbin,11,3,3.6666666666666665
2023,pre-season,Sean Wright,15,3,5
2023,pre-season,Sharae Mitchell,3,3,1
2023,pre-season,Suyash Mehta,2,2,1
2023,pre-season,Tony Brothers,15,3,5
2023,pre-season,Tre Maddox,15,3,5
2023,pre-season,Tyler Ford,13,3,4.333333333333333
2023,pre-season,Tyler Mirkovich,3,3,1
2023,pre-season,Tyler Ricks,3,3,1
2023,pre-season,Zach Zarba,15,3,5
2023,regular season,Aaron Smith,10,4,2.5
2023,regular season,Andy Nagy,4,4,1
2023,regular season,Ashley Moyer-Gleich,11,5,2.2
2023,regular season,Ben Taylor,24,6,4
2023,regular season,Bill Kennedy,35,7,5
2023,regular season,Brandon Adair,4,4,1
2023,regular season,Brandon Schwab,2,2,1
2023,regular season,Brent Barnaky,18,6,3
2023,regular season,Brent Haskill,2,2,1
2023,regular season,Brett Nansel,9,5,1.8
2023,regular season,Brian Forte,21,7,3
2023,regular season,Cheryl Flores,3,3,1
2023,regular season,CJ Washington,3,3,1
2023,regular season,Courtney Kirkland,35,7,5
2023,regular season,Curtis Blair,31,7,4.428571428571429
2023,regular season,Danielle Scott,1,1,1
2023,regular season,Dannica Mosher,1,1,1
2023,regular season,David Guthrie,15,3,5
2023,regular season,Dedric Taylor,11,5,2.2
2023,regular season,Derek Richardson,4,4,1
2023,regular season,Derrick Collins,1,1,1
2023,regular season,Ed Malloy,30,6,5
2023,regular season,Eric Dalen,15,5,3
2023,regular season,Eric Lewis,35,7,5
2023,regular season,Evan Scott,2,2,1
2023,regular season,Gediminas Petraitis,23,7,3.2857142857142856
2023,regular season,Intae Hwang,2,2,1
2023,regular season,Jacyn Goble,20,6,3.3333333333333335
2023,regular season,James Capers,30,6,5
2023,regular season,James Williams,30,6,5
2023,regular season,Jason Goldenberg,3,3,1
2023,regular season,JB DeRosa,18,6,3
2023,regular season,JD Ralls,3,3,1
2023,regular season,Jenna Reneau,3,3,1
2023,regular season,Jenna Schroeder,2,2,1
2023,regular season,John Butler,5,5,1
2023,regular season,John Conley,3,3,1
2023,regular season,John Goble,25,5,5
2023,regular season,Jonathan Sterling,3,3,1
2023,regular season,Josh Tiven,30,6,5
2023,regular season,JT Orr,5,5,1
2023,regular season,Justin Van Duyne,13,5,2.6
2023,regular season,Karl Lane,18,6,3
2023,regular season,Kevin Cutler,18,6,3
2023,regular season,Kevin Scott,30,6,5
2023,regular season,Lauren Holtkamp,12,6,2
2023,regular season,Leon Wood,7,5,1.4
2023,regular season,Marat Kogut,8,4,2
2023,regular season,Marc Davis,30,6,5
2023,regular season,Matt Boland,10,4,2.5
2023,regular season,Matt Kallio,1,1,1
2023,regular season,Matt Myers,4,4,1
2023,regular season,Michael Smith,18,6,3
2023,regular season,Mitchell Ervin,21,7,3
2023,regular season,Mousa Dagher,4,4,1
2023,regular season,Natalie Sago,10,4,2.5
2023,regular season,Nate Green,5,5,1
2023,regular season,Nick Buchert,18,6,3
2023,regular season,Pat Fraher,30,6,5
2023,regular season,Pat OConnell,2,2,1
2023,regular season,Phenizee Ransom,4,4,1
2023,regular season,Ray Acosta,13,7,1.8571428571428572
2023,regular season,Robert Hussey,3,3,1
2023,regular season,Rodney Mott,31,7,4.428571428571429
2023,regular season,Scott Foster,30,6,5
2023,regular season,Scott Twardoski,17,7,2.4285714285714284
2023,regular season,Scott Wall,4,4,1
2023,regular season,Sean Corbin,15,5,3
2023,regular season,Sean Wright,30,6,5
2023,regular season,Sharae Mitchell,2,2,1
2023,regular season,Suyash Mehta,3,3,1
2023,regular season,Tony Brothers,35,7,5
2023,regular season,Tre Maddox,20,6,3.3333333333333335
2023,regular season,Tyler Ford,28,6,4.666666666666667
2023,regular season,Tyler Mirkovich,2,2,1
2023,regular season,Tyler Ricks,3,3,1
2023,regular season,Zach Zarba,40,8,5
