period,time,call_type,committing,disadvantaged,decision,comments,stint,game_id,game_details,game_date,scrape_time,away_score,away_team,home_score,home_team
Q4,01:58.5,Foul: Offensive,Daniel Theis,Jrue Holiday,CNC,Theis (BOS) sets the screen on Holiday (MIL) and absorbs the contact.,30.6122456% Complete    02:08.0       To       01:52.3,gameId=0022000003,Bucks(121) @ Celtics(122),"December 23, 2020",2020-12-26T23:06:21Z,121,Bucks,122,Celtics
Q4,01:54.1,Foul: Personal,Jrue Holiday,Daniel Theis,CNC,Holiday (MIL) and Theis (BOS) engage and disengage with one another after Theis begins rolling toward the lane.,30.6122456% Complete    02:08.0       To       01:52.3,gameId=0022000003,Bucks(121) @ Celtics(122),"December 23, 2020",2020-12-26T23:06:21Z,121,Bucks,122,Celtics
Q4,01:44.9,Foul: Offensive,Pat Connaughton,Marcus Smart,CNC,Connaughton (MIL) firms up in his screening position in Smart's (BOS) path and absorbs the contact by collapsing his arms. Smart's reaction is not consistent with the amount of contact.,22.44898% Complete    01:52.3       To       01:41.1,gameId=0022000003,Bucks(121) @ Celtics(122),"December 23, 2020",2020-12-26T23:06:21Z,121,Bucks,122,Celtics
Q4,01:42,Foul: Offensive,Giannis Antetokounmpo,Daniel Theis,CNC,"Antetokounmpo (MIL) goes to, not through, Theis' (BOS) space and spins off of the contact made inside the lane.",22.44898% Complete    01:52.3       To       01:41.1,gameId=0022000003,Bucks(121) @ Celtics(122),"December 23, 2020",2020-12-26T23:06:21Z,121,Bucks,122,Celtics
Q4,01:41.8,Foul: Shooting,Daniel Theis,Giannis Antetokounmpo,CNC,"As Theis (BOS) falls to the floor, he makes marginal contact with Antetokounmpo (MIL).",22.44898% Complete    01:52.3       To       01:41.1,gameId=0022000003,Bucks(121) @ Celtics(122),"December 23, 2020",2020-12-26T23:06:21Z,121,Bucks,122,Celtics
Q4,01:35,Foul: Personal,Khris Middleton,Jaylen Brown,CNC,Middleton's (MIL) arm is extended slightly forward and marginal contact occurs with Brown's (BOS) left arm as he makes the pass.,32.65306% Complete    01:41.1       To       01:24.5,gameId=0022000003,Bucks(121) @ Celtics(122),"December 23, 2020",2020-12-26T23:06:21Z,121,Bucks,122,Celtics
Q4,01:26.1,Foul: Defense 3 Second,Giannis Antetokounmpo,Bucks,INC,Antetokounmpo (MIL) is in the lane for longer than three seconds without actively guarding an opponent.,32.65306% Complete    01:41.1       To       01:24.5,gameId=0022000003,Bucks(121) @ Celtics(122),"December 23, 2020",2020-12-26T23:06:21Z,121,Bucks,122,Celtics
Q4,01:26.1,Foul: Shooting,Pat Connaughton,Jayson Tatum,CNC,Connaughton (MIL) legally contests the shot attempt by Tatum (BOS).,32.65306% Complete    01:41.1       To       01:24.5,gameId=0022000003,Bucks(121) @ Celtics(122),"December 23, 2020",2020-12-26T23:06:21Z,121,Bucks,122,Celtics
Q4,01:17,Foul: Personal,Jaylen Brown,Giannis Antetokounmpo,CNC,Brown (BOS) and Antetokounmpo (MIL) engage and disengage with one another following the pick.,26.5306129% Complete    01:24.5       To       01:11.0,gameId=0022000003,Bucks(121) @ Celtics(122),"December 23, 2020",2020-12-26T23:06:21Z,121,Bucks,122,Celtics
Q4,00:58.4,Foul: Shooting,Giannis Antetokounmpo,Jayson Tatum,CNC,Antetokounmpo (MIL) places his left arm against Tatum (BOS) during his driving shot attempt but the contact is marginal.,26.5306129% Complete    01:11.0       To       00:57.3,gameId=0022000003,Bucks(121) @ Celtics(122),"December 23, 2020",2020-12-26T23:06:21Z,121,Bucks,122,Celtics
Q4,00:53.8,Foul: Shooting,Jeff Teague,Donte DiVincenzo,CNC,Teague (BOS) makes contact with the ball and the part of DiVincenzo's (MIL) hand that is on the ball during the driving shot attempt.,8.163265% Complete    00:57.3       To       00:52.7,gameId=0022000003,Bucks(121) @ Celtics(122),"December 23, 2020",2020-12-26T23:06:21Z,121,Bucks,122,Celtics
Q4,00:52.7,Foul: Personal,Khris Middleton,Daniel Theis,CNC,Middleton (MIL) briefly has his arms around Theis' (BOS) upper half before correcting.,16.32653% Complete    00:52.7       To       00:44.1,gameId=0022000003,Bucks(121) @ Celtics(122),"December 23, 2020",2020-12-26T23:06:21Z,121,Bucks,122,Celtics
Q4,00:52.7,Foul: Offensive,Daniel Theis,Khris Middleton,CNC,Theis (BOS) makes marginal contact with Middleton (MIL) during the screen.,16.32653% Complete    00:52.7       To       00:44.1,gameId=0022000003,Bucks(121) @ Celtics(122),"December 23, 2020",2020-12-26T23:06:21Z,121,Bucks,122,Celtics
Q4,00:50.3,Foul: Offensive,Daniel Theis,Khris Middleton,CNC,Theis (BOS) firms up in his screening position in Middleton's (MIL) path and absorbs the contact.,16.32653% Complete    00:52.7       To       00:44.1,gameId=0022000003,Bucks(121) @ Celtics(122),"December 23, 2020",2020-12-26T23:06:21Z,121,Bucks,122,Celtics
Q4,00:28.4,Foul: Offensive,Brook Lopez,Jaylen Brown,CNC,Lopez (MIL) establishes himself in a screening position in Brown's (BOS) path and does not deliver the contact.,38.77551% Complete    00:44.1       To       00:24.6,gameId=0022000003,Bucks(121) @ Celtics(122),"December 23, 2020",2020-12-26T23:06:21Z,121,Bucks,122,Celtics
Q4,00:13.5,Foul: Offensive,Daniel Theis,Khris Middleton,CNC,Theis (BOS) establishes himself in a screening position in Middleton's (MIL) path and does not deliver the contact.,48.97959% Complete    00:24.6       To       00:00.4,gameId=0022000003,Bucks(121) @ Celtics(122),"December 23, 2020",2020-12-26T23:06:21Z,121,Bucks,122,Celtics
Q4,00:08.9,Foul: Personal,Giannis Antetokounmpo,Jaylen Brown,CC,Antetokounmpo (MIL) extends into Brown's (BOS) path as Brown attempts to avoid the contact.,48.97959% Complete    00:24.6       To       00:00.4,gameId=0022000003,Bucks(121) @ Celtics(122),"December 23, 2020",2020-12-26T23:06:21Z,121,Bucks,122,Celtics
Q4,00:08.8,Foul: Offensive,Daniel Theis,Khris Middleton,CNC,Theis (BOS) establishes himself in a screening position in Middleton's (MIL) path and does not deliver the contact.,48.97959% Complete    00:24.6       To       00:00.4,gameId=0022000003,Bucks(121) @ Celtics(122),"December 23, 2020",2020-12-26T23:06:21Z,121,Bucks,122,Celtics
Q4,00:00.4,Violation: Lane,Celtics,Bucks,INC,Theis (BOS) steps into the lane before Antetokounmpo (MIL) releases the free throw.,1% Complete    00:00.4       To       00:00.0,gameId=0022000003,Bucks(121) @ Celtics(122),"December 23, 2020",2020-12-26T23:06:21Z,121,Bucks,122,Celtics
Q4,00:00.0,Foul: Loose Ball,Tristan Thompson,Giannis Antetokounmpo,IC,"Thompson (BOS) and Antetokounmpo (MIL) both make a legal attempt to reach the inbound pass, and the contact should have been deemed incidental.  Referees reviewed the call in instant replay as per the automatic trigger for fouls called at when there is no time remaining on the clock at the end of any period to confirm that the foul was called before the expiration of time, but the foul itself is not a reviewable matter.",1% Complete    00:00.4       To       00:00.0,gameId=0022000003,Bucks(121) @ Celtics(122),"December 23, 2020",2020-12-26T23:06:21Z,121,Bucks,122,Celtics
Q4,01:56.2,Foul: Shooting,Cameron Johnson,Luka Doncic,CC,Johnson (PHX) makes contact to Doncic's (DAL) arm that affects his driving shot attempt.,40.8163261% Complete    02:16.1       To       01:56.0,gameId=0022000004,Mavericks(102) @ Suns(106),"December 23, 2020",2020-12-26T23:07:25Z,102,Mavericks,106,Suns
Q4,01:49.7,Foul: Offensive,Devin Booker,Maxi Kleber,CNC,Booker (PHX) establishes himself in a legal screening position in Kleber's (DAL) path and he absorbs the oncoming contact.,24.4897957% Complete    01:56.0       To       01:44.0,gameId=0022000004,Mavericks(102) @ Suns(106),"December 23, 2020",2020-12-26T23:07:25Z,102,Mavericks,106,Suns
Q4,01:44.9,Foul: Shooting,Josh Richardson,Devin Booker,CC,Richardson (DAL) makes contact to Booker's (PHX) arm that affects his driving shot attempt.,24.4897957% Complete    01:56.0       To       01:44.0,gameId=0022000004,Mavericks(102) @ Suns(106),"December 23, 2020",2020-12-26T23:07:25Z,102,Mavericks,106,Suns
Q4,01:21.1,Foul: Shooting,Maxi Kleber,Chris Paul,CNC,"Kleber (DAL) makes incidental ""high-five"" contact with Paul (PHX) after the ball is released during his jump shot attempt.",20.4081631% Complete    01:29.8       To       01:19.7,gameId=0022000004,Mavericks(102) @ Suns(106),"December 23, 2020",2020-12-26T23:07:25Z,102,Mavericks,106,Suns
Q4,00:40.2,Turnover: Traveling,Luka Doncic,Suns,INC,Doncic (DAL) splits his feet at the start of his dribble.,8.163265% Complete    00:40.2       To       00:35.8,gameId=0022000004,Mavericks(102) @ Suns(106),"December 23, 2020",2020-12-26T23:07:25Z,102,Mavericks,106,Suns
Q4,00:18.5,Foul: Offensive,Deandre Ayton,Tim Hardaway Jr.,CNC,Ayton (PHX) establishes himself in a legal position in Hardaway Jr.'s (DAL) path and he absorbs the oncoming contact during the pick.,57.1428566% Complete    00:35.8       To       00:07.5,gameId=0022000004,Mavericks(102) @ Suns(106),"December 23, 2020",2020-12-26T23:07:25Z,102,Mavericks,106,Suns
Q4,00:12.2,Foul: Shooting,Maxi Kleber,Devin Booker,CNC,Kleber (DAL) maintains a legal guarding position during Booker's (PHX) jump shot attempt.,57.1428566% Complete    00:35.8       To       00:07.5,gameId=0022000004,Mavericks(102) @ Suns(106),"December 23, 2020",2020-12-26T23:07:25Z,102,Mavericks,106,Suns
Q4,00:07.5,Foul: Personal,Maxi Kleber,Devin Booker,CC,Kleber (DAL) commits a take foul on Booker (PHX).,57.1428566% Complete    00:35.8       To       00:07.5,gameId=0022000004,Mavericks(102) @ Suns(106),"December 23, 2020",2020-12-26T23:07:25Z,102,Mavericks,106,Suns
Q4,01:50,Foul: Personal,Duncan Robinson,Evan Fournier,CNC,Robinson (MIA) places a collapsed arm to Fournier's (ORL) side defending his drive to the basket.,40.8163261% Complete    02:05.5       To       01:45.2,gameId=0022000012,Heat(107) @ Magic(113),"December 23, 2020",2020-12-26T23:05:34Z,107,Heat,113,Magic
Q4,01:46.0,Foul: Shooting,Duncan Robinson,Markelle Fultz,CNC,Robinson (MIA) jumps vertically when he defends Fultz's (ORL) play at the basket.,40.8163261% Complete    02:05.5       To       01:45.2,gameId=0022000012,Heat(107) @ Magic(113),"December 23, 2020",2020-12-26T23:05:34Z,107,Heat,113,Magic
Q4,01:34,Foul: Personal,Nikola Vucevic,Goran Dragic,CNC,Vucevic (ORL) reaches in and makes marginal contact with Dragic (MIA) that does not affect his SQBR.,42.8571434% Complete    01:45.2       To       01:24.0,gameId=0022000012,Heat(107) @ Magic(113),"December 23, 2020",2020-12-26T23:05:34Z,107,Heat,113,Magic
Q4,01:24.5,Foul: Shooting,Evan Fournier,Bam Adebayo,CC,Fournier (ORL) makes contact to Adebayo's (MIA) body during his shooting motion that affects his shot attempt.,42.8571434% Complete    01:45.2       To       01:24.0,gameId=0022000012,Heat(107) @ Magic(113),"December 23, 2020",2020-12-26T23:05:34Z,107,Heat,113,Magic
Q4,01:11.4,Foul: Shooting,Goran Dragic,Markelle Fultz,CC,Dragic (MIA) makes contact with Fultz's (ORL) arm that affects his driving shot attempt.,24.4897957% Complete    01:24.0       To       01:11.4,gameId=0022000012,Heat(107) @ Magic(113),"December 23, 2020",2020-12-26T23:05:34Z,107,Heat,113,Magic
Q4,01:11.4,Foul: Personal,Aaron Gordon,Goran Dragic,CNC,Gordon (ORL) places an arm to Dragic's (MIA) front during his drive to the basket and the contact is marginal.,12.2448978% Complete    01:11.4       To       01:04.9,gameId=0022000012,Heat(107) @ Magic(113),"December 23, 2020",2020-12-26T23:05:34Z,107,Heat,113,Magic
Q4,01:08.0,Foul: Offensive,Jimmy Butler,Markelle Fultz,CNC,Butler (MIA) establishes legal screening position in Fultz's (ORL) path during the pick and does not deliver contact.,12.2448978% Complete    01:11.4       To       01:04.9,gameId=0022000012,Heat(107) @ Magic(113),"December 23, 2020",2020-12-26T23:05:34Z,107,Heat,113,Magic
Q4,00:57.1,Foul: Personal,Goran Dragic,Markelle Fultz,CNC,"Dragic (MIA) moves laterally towards Fultz (ORL), who spins away from contact and does not dislodge Dragic from his defensive position.",30.6122456% Complete    01:04.9       To       00:49.5,gameId=0022000012,Heat(107) @ Magic(113),"December 23, 2020",2020-12-26T23:05:34Z,107,Heat,113,Magic
Q4,00:52.0,Foul: Personal,Andre Iguodala,Nikola Vucevic,CNC,Iguodala (MIA) engages with Vucevic (ORL) off ball and does not affect his ability to get to the pass.,30.6122456% Complete    01:04.9       To       00:49.5,gameId=0022000012,Heat(107) @ Magic(113),"December 23, 2020",2020-12-26T23:05:34Z,107,Heat,113,Magic
Q4,00:49.5,Foul: Shooting,Andre Iguodala,Evan Fournier,CC,Iguodala (MIA) makes contact to Fournier's (ORL) body that affects his play at the basket.,30.6122456% Complete    01:04.9       To       00:49.5,gameId=0022000012,Heat(107) @ Magic(113),"December 23, 2020",2020-12-26T23:05:34Z,107,Heat,113,Magic
Q4,00:43.8,Foul: Shooting,Nikola Vucevic,Goran Dragic,CNC,Vucevic (ORl) legally contests Dragic's (MIA) driving shot attempt.,14.2857141% Complete    00:49.5       To       00:42.1,gameId=0022000012,Heat(107) @ Magic(113),"December 23, 2020",2020-12-26T23:05:34Z,107,Heat,113,Magic
Q4,00:36,Foul: Personal,Goran Dragic,Markelle Fultz,CNC,Dragic (MIA) makes marginal contact with Fultz (ORL) when he reaches in.,26.5306129% Complete    00:42.1       To       00:28.5,gameId=0022000012,Heat(107) @ Magic(113),"December 23, 2020",2020-12-26T23:05:34Z,107,Heat,113,Magic
Q4,00:33.2,Foul: Personal,Bam Adebayo,Markelle Fultz,CNC,Adebayo (MIA) makes marginal contact with Fultz (ORL) as he makes the pass.,26.5306129% Complete    00:42.1       To       00:28.5,gameId=0022000012,Heat(107) @ Magic(113),"December 23, 2020",2020-12-26T23:05:34Z,107,Heat,113,Magic
Q4,00:28.5,Foul: Personal,Andre Iguodala,Terrence Ross,CC,Iguodala (MIA) moves into Ross' (ORL) space and makes body contact that affects his SQBR.,26.5306129% Complete    00:42.1       To       00:28.5,gameId=0022000012,Heat(107) @ Magic(113),"December 23, 2020",2020-12-26T23:05:34Z,107,Heat,113,Magic
Q4,00:28.5,Foul: Offensive,Bam Adebayo,Aaron Gordon,CNC,Adebayo (MIA) and Gordon (ORL) briefly engage and disengage during the inbound.,8.163265% Complete    00:28.5       To       00:23.8,gameId=0022000012,Heat(107) @ Magic(113),"December 23, 2020",2020-12-26T23:05:34Z,107,Heat,113,Magic
Q4,00:18.7,Foul: Personal Take,Tyler Herro,Aaron Gordon,CC,Herro (MIA) commits a take foul on Gordon (ORL).,10.2040815% Complete    00:23.8       To       00:18.7,gameId=0022000012,Heat(107) @ Magic(113),"December 23, 2020",2020-12-26T23:05:34Z,107,Heat,113,Magic
Q4,00:13.0,Foul: Offensive,Bam Adebayo,Markelle Fultz,CNC,Adebayo (MIA) establishes legal position in Fultz's (ORL) path during the pick and absorbs the contact.,16.32653% Complete    00:18.7       To       00:10.2,gameId=0022000012,Heat(107) @ Magic(113),"December 23, 2020",2020-12-26T23:05:34Z,107,Heat,113,Magic
Q4,00:12.2,Foul: Personal,Nikola Vucevic,Goran Dragic,CNC,Vucevic (ORL) makes marginal contact with Dragic (MIA) as he drives to the basket.,16.32653% Complete    00:18.7       To       00:10.2,gameId=0022000012,Heat(107) @ Magic(113),"December 23, 2020",2020-12-26T23:05:34Z,107,Heat,113,Magic
Q4,00:07.8,Foul: Personal Take,Goran Dragic,Evan Fournier,CC,Dragic (MIA) commits a take foul on Fournier (ORL).,4.08163261% Complete    00:10.2       To       00:07.8,gameId=0022000012,Heat(107) @ Magic(113),"December 23, 2020",2020-12-26T23:05:34Z,107,Heat,113,Magic
Q4,01:56,Turnover: Traveling,Ben Simmons,NA,INC,Simmons (PHI) splits his feet on the perimeter.,51.02041% Complete    02:08.6       To       01:43.0,gameId=0022000013,Wizards(107) @ 76ers(113),"December 23, 2020",2020-12-26T23:05:58Z,107,Wizards,113,76ers
Q4,01:51.5,Foul: Personal,Russell Westbrook,Joel Embiid,CNC,"At the end of the drive, Embiid (PHI) loses control of his dribble on the spin move and Westbrook (WAS) makes marginal contact to Embiid's off-ball hand.",51.02041% Complete    02:08.6       To       01:43.0,gameId=0022000013,Wizards(107) @ 76ers(113),"December 23, 2020",2020-12-26T23:05:58Z,107,Wizards,113,76ers
Q4,01:51.5,Turnover: Double Dribble,Joel Embiid,Wizards,CNC,Embiid (PHI) loses control of the ball and does not restart his dribble as he attempts to regain control.,51.02041% Complete    02:08.6       To       01:43.0,gameId=0022000013,Wizards(107) @ 76ers(113),"December 23, 2020",2020-12-26T23:05:58Z,107,Wizards,113,76ers
Q4,01:44.3,Foul: Shooting,Thomas Bryant,Seth Curry,CNC,Bryant (WAS) maintains a legal guarding position during the driving shot attempt by Curry (PHI).,51.02041% Complete    02:08.6       To       01:43.0,gameId=0022000013,Wizards(107) @ 76ers(113),"December 23, 2020",2020-12-26T23:05:58Z,107,Wizards,113,76ers
Q4,01:36.8,Foul: Offensive,Thomas Bryant,Shake Milton,CNC,Bryant (WAS) establishes himself in a screening position in Milton's (PHI) path and gives him room to avoid the contact.,28.5714283% Complete    01:43.0       To       01:28.8,gameId=0022000013,Wizards(107) @ 76ers(113),"December 23, 2020",2020-12-26T23:05:58Z,107,Wizards,113,76ers
Q4,01:35.8,Foul: Personal,Shake Milton,Bradley Beal,CNC,"As Beal (WAS) starts his dribble, Milton (PHI) has a legal resting hand on Beal (WAS) that he neither extends nor delivers contact with.",28.5714283% Complete    01:43.0       To       01:28.8,gameId=0022000013,Wizards(107) @ 76ers(113),"December 23, 2020",2020-12-26T23:05:58Z,107,Wizards,113,76ers
Q4,01:28.8,Foul: Shooting,Joel Embiid,Thomas Bryant,CC,Embiid (PHI) makes contact to Bryant's (WAS) arm that affects his play at the basket.,28.5714283% Complete    01:43.0       To       01:28.8,gameId=0022000013,Wizards(107) @ 76ers(113),"December 23, 2020",2020-12-26T23:05:58Z,107,Wizards,113,76ers
Q4,01:28.8,Foul: Loose Ball,Isaac Bonga,Ben Simmons,CNC,Bonga (WAS) does not extend his arm or deliver contact to Simmons' (PHI) back during the rebound.,28.5714283% Complete    01:43.0       To       01:28.8,gameId=0022000013,Wizards(107) @ 76ers(113),"December 23, 2020",2020-12-26T23:05:58Z,107,Wizards,113,76ers
Q4,01:17.0,Foul: Offensive,Joel Embiid,Bradley Beal,CNC,Embiid (PHI) establishes himself in a screening position in Beal's (WAS) path and gives him room to avoid the contact.,38.77551% Complete    01:28.8       To       01:09.8,gameId=0022000013,Wizards(107) @ 76ers(113),"December 23, 2020",2020-12-26T23:05:58Z,107,Wizards,113,76ers
Q4,01:10.8,Foul: Shooting,Thomas Bryant,Joel Embiid,CNC,Bryant (WAS) makes marginal contact with Embiid's (PHI) arm that does not affect his play at the basket.,38.77551% Complete    01:28.8       To       01:09.8,gameId=0022000013,Wizards(107) @ 76ers(113),"December 23, 2020",2020-12-26T23:05:58Z,107,Wizards,113,76ers
Q4,01:05.2,Foul: Offensive,Bradley Beal,Tobias Harris,CNC,Beal (WAS) establishes himself in a screening position in Harris' (PHI) path and gives him room to avoid the contact.,20.4081631% Complete    01:09.8       To       00:59.2,gameId=0022000013,Wizards(107) @ 76ers(113),"December 23, 2020",2020-12-26T23:05:58Z,107,Wizards,113,76ers
Q4,01:04.8,Foul: Personal,Shake Milton,Thomas Bryant,CNC,Milton (PHI) immediately slides his hand off Bryant's (WAS) waist as he engages on the screen and the contact does not affect Bryant's FOM.,20.4081631% Complete    01:09.8       To       00:59.2,gameId=0022000013,Wizards(107) @ 76ers(113),"December 23, 2020",2020-12-26T23:05:58Z,107,Wizards,113,76ers
Q4,01:00.6,Foul: Loose Ball,Isaac Bonga,Tobias Harris,CNC,Bonga (WAS) makes clean ball contact to knock it away from Harris (PHI) during the rebound attempt.,20.4081631% Complete    01:09.8       To       00:59.2,gameId=0022000013,Wizards(107) @ 76ers(113),"December 23, 2020",2020-12-26T23:05:58Z,107,Wizards,113,76ers
Q4,00:59.2,Foul: Loose Ball,Tobias Harris,Thomas Bryant,CNC,Harris (PHI) cleanly dislodges the ball away from Bryant (WAS) during the rebound.,20.4081631% Complete    01:09.8       To       00:59.2,gameId=0022000013,Wizards(107) @ 76ers(113),"December 23, 2020",2020-12-26T23:05:58Z,107,Wizards,113,76ers
Q4,00:42.2,Foul: Shooting,Isaac Bonga,Shake Milton,CC,Bonga (WAS) makes contact to Milton's (PHI) body that affects his driving shot attempt.,34.69388% Complete    00:59.2       To       00:42.2,gameId=0022000013,Wizards(107) @ 76ers(113),"December 23, 2020",2020-12-26T23:05:58Z,107,Wizards,113,76ers
Q4,00:38.5,Foul: Offensive,Thomas Bryant,Shake Milton,CNC,Bryant (WAS) establishes himself in a screening position in Milton's (PHI) path and gives him room to avoid the contact.,18.3673477% Complete    00:42.2       To       00:33.0,gameId=0022000013,Wizards(107) @ 76ers(113),"December 23, 2020",2020-12-26T23:05:58Z,107,Wizards,113,76ers
Q4,00:25.1,Foul: Offensive,Joel Embiid,Bradley Beal,CNC,Embiid (PHI) establishes himself in a screening position in Beal's (WAS) path and gives him room to avoid the contact.,22.44898% Complete    00:33.0       To       00:21.7,gameId=0022000013,Wizards(107) @ 76ers(113),"December 23, 2020",2020-12-26T23:05:58Z,107,Wizards,113,76ers
Q4,00:22.0,Foul: Shooting,Thomas Bryant,Ben Simmons,INC,Bryant (WAS) jumps from point A to point B and makes contact with Simmons' (PHI) arm and body that affects his play at the basket.,22.44898% Complete    00:33.0       To       00:21.7,gameId=0022000013,Wizards(107) @ 76ers(113),"December 23, 2020",2020-12-26T23:05:58Z,107,Wizards,113,76ers
Q4,00:21.7,Foul: Offensive,Thomas Bryant,Matisse Thybulle,CNC,Bryant (WAS) establishes himself in a screening position in Thybulle's (PHI) path and absorbs the contact.,8.163265% Complete    00:21.7       To       00:16.9,gameId=0022000013,Wizards(107) @ 76ers(113),"December 23, 2020",2020-12-26T23:05:58Z,107,Wizards,113,76ers
Q4,00:21.7,Foul: Personal,Shake Milton,Russell Westbrook,CNC,Milton (PHI) and Westbrook (WAS) engage and disengage during the inbound.,8.163265% Complete    00:21.7       To       00:16.9,gameId=0022000013,Wizards(107) @ 76ers(113),"December 23, 2020",2020-12-26T23:05:58Z,107,Wizards,113,76ers
Q4,00:15.0,Foul: Personal,Russell Westbrook,Tobias Harris,CC,Westbrook (WAS) commits a take foul on Harris (PHI).,2.04081631% Complete    00:16.9       To       00:15.0,gameId=0022000013,Wizards(107) @ 76ers(113),"December 23, 2020",2020-12-26T23:05:58Z,107,Wizards,113,76ers
Q4,00:13.4,Foul: Personal,Matisse Thybulle,Bradley Beal,CC,"Prior to Beal (WAS) receiving the pass, Thybulle (PHI) reaches around the screen to make contact with Beal that affects his FOM.",2.04081631% Complete    00:15.0       To       00:13.3,gameId=0022000013,Wizards(107) @ 76ers(113),"December 23, 2020",2020-12-26T23:05:58Z,107,Wizards,113,76ers
Q4,00:12.7,Foul: Personal,Thomas Bryant,Seth Curry,CC,Bryant (WAS) commits a take foul on Curry (PHI).,1% Complete    00:13.3       To       00:12.6,gameId=0022000013,Wizards(107) @ 76ers(113),"December 23, 2020",2020-12-26T23:05:58Z,107,Wizards,113,76ers
Q4,00:08.9,Foul: Offensive,Thomas Bryant,Ben Simmons,CNC,Bryant (WAS) establishes himself in a screening position in Simmons' (PHI) path and gives him room to avoid the contact.,18.3673477% Complete    00:12.6       To       00:02.7,gameId=0022000013,Wizards(107) @ 76ers(113),"December 23, 2020",2020-12-26T23:05:58Z,107,Wizards,113,76ers
Q4,00:08.1,Foul: Personal,Ben Simmons,Bradley Beal,CNC,"Prior to the pass, Simmons (PHI) makes clean ball contact as he tries to dislodge the ball from Beal (WAS).",18.3673477% Complete    00:12.6       To       00:02.7,gameId=0022000013,Wizards(107) @ 76ers(113),"December 23, 2020",2020-12-26T23:05:58Z,107,Wizards,113,76ers
Q4,01:54.1,Foul: Offensive,Josh Jackson,Malik Beasley,CNC,Jackson (DET) releases from contact with Beasley (MIN) during his drive to the basket.,40.8163261% Complete    02:03.7       To       01:42.8,gameId=0022000018,Pistons(101) @ Timberwolves(111),"December 23, 2020",2020-12-26T23:06:43Z,101,Pistons,111,Timberwolves
Q4,01:50,Foul: Personal,Karl-Anthony Towns,Josh Jackson,CNC,Towns (MIN) makes marginal contact with Jackson (DET) during his pass underneath the basket.,40.8163261% Complete    02:03.7       To       01:42.8,gameId=0022000018,Pistons(101) @ Timberwolves(111),"December 23, 2020",2020-12-26T23:06:43Z,101,Pistons,111,Timberwolves
Q4,01:33.5,Foul: Personal,Mason Plumlee,Karl-Anthony Towns,CNC,Plumlee (DET) makes marginal contact with Towns (MIN) defending his drive to the basket.,30.6122456% Complete    01:42.8       To       01:27.0,gameId=0022000018,Pistons(101) @ Timberwolves(111),"December 23, 2020",2020-12-26T23:06:43Z,101,Pistons,111,Timberwolves
Q4,01:21.2,Foul: Shooting,Karl-Anthony Towns,Josh Jackson,CNC,"Towns (MIN) makes incidental ""high-five"" contact with Jackson (DET) after the release that does not affect his jump shot attempt.",14.2857141% Complete    01:27.0       To       01:19.9,gameId=0022000018,Pistons(101) @ Timberwolves(111),"December 23, 2020",2020-12-26T23:06:43Z,101,Pistons,111,Timberwolves
Q4,01:19.9,Foul: Loose Ball,Mason Plumlee,Josh Okogie,CNC,Plumlee (DET) and Okogie (MIN) engage and disengage while rebounding.,14.2857141% Complete    01:27.0       To       01:19.9,gameId=0022000018,Pistons(101) @ Timberwolves(111),"December 23, 2020",2020-12-26T23:06:43Z,101,Pistons,111,Timberwolves
Q4,01:08.8,Foul: Offensive,Ricky Rubio,Mason Plumlee,CNC,Rubio (MIN) establishes legal position in Plumlee's (DET) path during the screen and absorbs contact.,28.5714283% Complete    01:19.9       To       01:05.0,gameId=0022000018,Pistons(101) @ Timberwolves(111),"December 23, 2020",2020-12-26T23:06:43Z,101,Pistons,111,Timberwolves
Q4,01:05.1,Foul: Shooting,Mason Plumlee,Karl-Anthony Towns,CC,Towns (MIN) draws Plumlee (DET) into the air towards him and the contact results in a foul on Plumlee (DET) even if contact is initiated by Towns (MIN).,28.5714283% Complete    01:19.9       To       01:05.0,gameId=0022000018,Pistons(101) @ Timberwolves(111),"December 23, 2020",2020-12-26T23:06:43Z,101,Pistons,111,Timberwolves
Q4,00:58.8,Foul: Shooting,Ricky Rubio,Blake Griffin,CNC,Rubio (MIN) makes incidental contact to Griffin's (DET) arm after the release of his jump shot attempt.,16.32653% Complete    01:05.0       To       00:56.7,gameId=0022000018,Pistons(101) @ Timberwolves(111),"December 23, 2020",2020-12-26T23:06:43Z,101,Pistons,111,Timberwolves
Q4,00:40,Foul: Personal,Mason Plumlee,D'Angelo Russell,CNC,Plumlee (DET) makes marinal contact with Russell (MIN) after he passes the ball.,40.8163261% Complete    00:56.7       To       00:36.2,gameId=0022000018,Pistons(101) @ Timberwolves(111),"December 23, 2020",2020-12-26T23:06:43Z,101,Pistons,111,Timberwolves
Q4,00:36.2,Foul: Shooting,Josh Jackson,Josh Okogie,CC,Jackson (DET) makes contact to Okogie's (MIN) arm that affects his play at the basket.,40.8163261% Complete    00:56.7       To       00:36.2,gameId=0022000018,Pistons(101) @ Timberwolves(111),"December 23, 2020",2020-12-26T23:06:43Z,101,Pistons,111,Timberwolves
Q4,00:26.9,Foul: Shooting,Ricky Rubio,Jerami Grant,CNC,"During his jump shot attempt, Grant (DET) initiates contact with Rubio (MIN), who is in a legal guarding position.",22.44898% Complete    00:36.2       To       00:24.9,gameId=0022000018,Pistons(101) @ Timberwolves(111),"December 23, 2020",2020-12-26T23:06:43Z,101,Pistons,111,Timberwolves
Q4,00:00.2,Turnover: 24 Second Violation,Timberwolves,Pistons,CC,A 24 second violation is correctly called.,48.97959% Complete    00:24.9       To       00:00.6,gameId=0022000018,Pistons(101) @ Timberwolves(111),"December 23, 2020",2020-12-26T23:06:43Z,101,Pistons,111,Timberwolves
Q4,01:52.5,Turnover: Traveling,Harrison Barnes,Nuggets,INC,Barnes (SAC) splits his pivot foot prior to the start of his drive.,34.69388% Complete    02:06.4       To       01:49.0,gameId=0022000019,Kings(124) @ Nuggets(122),"December 23, 2020",2020-12-26T23:07:04Z,124,Kings,122,Nuggets
Q4,01:49.3,Foul: Shooting,Nikola Jokic,Harrison Barnes,CC,Jokic (DEN) makes contact to the body of Barnes (SAC) during his shooting motion that disrupts his driving shot attempt.,34.69388% Complete    02:06.4       To       01:49.0,gameId=0022000019,Kings(124) @ Nuggets(122),"December 23, 2020",2020-12-26T23:07:04Z,124,Kings,122,Nuggets
Q4,01:36.0,Foul: Offensive,Jamal Murray,Hassan Whiteside,CC,"Replay review of the foul called on Murray (DEN) pursuant to a coach?s challenge was deemed unsuccessful. Murray cups Whiteside's (SAC) side, who is making a legal attempt to block the shot, and there is no clear and conclusive evidence to overturn the call on the floor.",26.5306129% Complete    01:49.0       To       01:36.0,gameId=0022000019,Kings(124) @ Nuggets(122),"December 23, 2020",2020-12-26T23:07:04Z,124,Kings,122,Nuggets
Q4,01:24.4,Foul: Shooting,Paul Millsap,Hassan Whiteside,CC,Millsap (DEN) makes contact to the arm of Whiteside (SAC) during his shooting motion that disrupts his play at the basket.,22.44898% Complete    01:36.0       To       01:24.3,gameId=0022000019,Kings(124) @ Nuggets(122),"December 23, 2020",2020-12-26T23:07:04Z,124,Kings,122,Nuggets
Q4,00:29.3,Foul: Personal,Buddy Hield,Nikola Jokic,CC,Hield (SAC) wraps the upper body of Jokic (DEN) while trying to defend around the screen being set.,24.4897957% Complete    00:42.2       To       00:29.3,gameId=0022000019,Kings(124) @ Nuggets(122),"December 23, 2020",2020-12-26T23:07:04Z,124,Kings,122,Nuggets
Q4,00:28.7,Foul: Personal,Gary Harris,De'Aaron Fox,CNC,Harris (DEN) makes marginal two hand contact to Fox's (SAC) body as he receives the inbound pass.,18.3673477% Complete    00:29.3       To       00:19.9,gameId=0022000019,Kings(124) @ Nuggets(122),"December 23, 2020",2020-12-26T23:07:04Z,124,Kings,122,Nuggets
Q4,00:02.6,Foul: Offensive,Nikola Jokic,Cory Joseph,CC,Jokic (DEN) uses both hands and pushes Joseph (SAC) while setting the pick. Disrupting his ability to defend.,34.69388% Complete    00:19.9       To       00:02.5,gameId=0022000019,Kings(124) @ Nuggets(122),"December 23, 2020",2020-12-26T23:07:04Z,124,Kings,122,Nuggets
Q5,01:59.0,Foul: Personal,Hassan Whiteside,Nikola Jokic,INC,Whiteside (SAC) makes contact to Jokic's (DEN) wrist/arm that causes him to lose possession of the ball.,36.7346954% Complete    02:16.6       To       01:58.0,gameId=0022000019,Kings(124) @ Nuggets(122),"December 23, 2020",2020-12-26T23:07:04Z,124,Kings,122,Nuggets
Q5,01:49.5,Foul: Offensive,Hassan Whiteside,Will Barton,CNC,Whiteside (SAC) establishes himself in a screening position in the path of Barton (DEN) firms up and absorbs the contact.,32.65306% Complete    01:58.0       To       01:42.0,gameId=0022000019,Kings(124) @ Nuggets(122),"December 23, 2020",2020-12-26T23:07:04Z,124,Kings,122,Nuggets
Q5,01:43.1,Foul: Shooting,Michael Porter Jr.,De'Aaron Fox,CNC,"Porter Jr. (DEN) makes incidental ""high-five"" contact with Fox (SAC) after the release that does not affect his shot attempt.",32.65306% Complete    01:58.0       To       01:42.0,gameId=0022000019,Kings(124) @ Nuggets(122),"December 23, 2020",2020-12-26T23:07:04Z,124,Kings,122,Nuggets
Q5,01:37.5,Foul: Shooting,Buddy Hield,Michael Porter Jr.,CNC,"Hield (SAC) makes marginal contact to Porter Jr's (DEN) body during his layup attempt, and does not disrupts his shooting motion.",10.2040815% Complete    01:42.0       To       01:36.5,gameId=0022000019,Kings(124) @ Nuggets(122),"December 23, 2020",2020-12-26T23:07:04Z,124,Kings,122,Nuggets
Q5,01:10.1,Foul: Shooting,Hassan Whiteside,Nikola Jokic,CNC,Whiteside (SAC) maintains a legal guarding position during the driving shot attempt by Jokic (DEN).,34.69388% Complete    01:27.2       To       01:09.5,gameId=0022000019,Kings(124) @ Nuggets(122),"December 23, 2020",2020-12-26T23:07:04Z,124,Kings,122,Nuggets
Q5,00:53.9,Foul: Shooting,Will Barton,Harrison Barnes,CNC,Barton (DEN) makes marginal contact to Barnes' (SAC) body as he gathers and enters his shooting motion.,32.65306% Complete    01:09.5       To       00:53.2,gameId=0022000019,Kings(124) @ Nuggets(122),"December 23, 2020",2020-12-26T23:07:04Z,124,Kings,122,Nuggets
Q5,00:36.0,Foul: Shooting,Hassan Whiteside,Will Barton,CNC,Whiteside (SAC) maintains a legal guarding position as Barton (DEN) initiates the contact during his driving shot attempt.,36.7346954% Complete    00:53.2       To       00:34.5,gameId=0022000019,Kings(124) @ Nuggets(122),"December 23, 2020",2020-12-26T23:07:04Z,124,Kings,122,Nuggets
Q5,00:34.9,Turnover: Offensive Goaltending,Michael Porter Jr.,Kings,CNC,Porter Jr. (DEN) grabs the rim when the ball is outside of the cylinder.,36.7346954% Complete    00:53.2       To       00:34.5,gameId=0022000019,Kings(124) @ Nuggets(122),"December 23, 2020",2020-12-26T23:07:04Z,124,Kings,122,Nuggets
Q5,00:16.1,Foul: Personal,De'Aaron Fox,Will Barton,CNC,Fox (SAC) makes marginal contact with Barton (DEN) when he makes the pass.,26.5306129% Complete    00:25.0       To       00:11.7,gameId=0022000019,Kings(124) @ Nuggets(122),"December 23, 2020",2020-12-26T23:07:04Z,124,Kings,122,Nuggets
Q5,00:13.3,Foul: Personal,Cory Joseph,Gary Harris,CC,Joseph (SAC) commits a take foul on Harris (DEN).,26.5306129% Complete    00:25.0       To       00:11.7,gameId=0022000019,Kings(124) @ Nuggets(122),"December 23, 2020",2020-12-26T23:07:04Z,124,Kings,122,Nuggets
Q5,00:12.3,Foul: Shooting,De'Aaron Fox,Will Barton,CNC,Fox (SAC) maintains a legal guarding position during the play at the basket by Barton (DEN) and cleanly blocks the dunk.,26.5306129% Complete    00:25.0       To       00:11.7,gameId=0022000019,Kings(124) @ Nuggets(122),"December 23, 2020",2020-12-26T23:07:04Z,124,Kings,122,Nuggets
Q5,00:08.4,Turnover: Traveling,Harrison Barnes,Nuggets,INC,Barnes (SAC) takes more than two steps after gathering the ball.,10.2040815% Complete    00:11.7       To       00:06.5,gameId=0022000019,Kings(124) @ Nuggets(122),"December 23, 2020",2020-12-26T23:07:04Z,124,Kings,122,Nuggets
Q5,00:06.2,Foul: Personal,Harrison Barnes,Nikola Jokic,INC,Barnes (SAC) makes contact to Jokic's (DEN) arms as he receives the inbound pass and causes him to lose possession of the ball.,6.122449% Complete    00:06.5       To       00:02.7,gameId=0022000019,Kings(124) @ Nuggets(122),"December 23, 2020",2020-12-26T23:07:04Z,124,Kings,122,Nuggets
Q5,00:01.5,Foul: Shooting,Will Barton,Harrison Barnes,INC,Barton (DEN) jumps from point A to point B into Barnes (SAC) and makes contact with his arm and body that affect the dunk attempt.,4.08163261% Complete    00:02.7       To       00:00.0,gameId=0022000019,Kings(124) @ Nuggets(122),"December 23, 2020",2020-12-26T23:07:04Z,124,Kings,122,Nuggets
Q4,01:53.8,Foul: Loose Ball,Jonas Valanciunas,John Collins,CNC,Valanciunas (MEM) makes marginal contact to Collins' (ATL) side while rebounding.,73.46939% Complete    02:29.8       To       01:53.8,gameId=0022000021,Hawks(122) @ Grizzlies(112),"December 26, 2020",2020-12-28T16:15:38Z,122,Hawks,112,Grizzlies
Q4,01:46.4,Foul: Personal,Kevin Huerter,Ja Morant,CC,Huerter (ATL) makes contact to Morant's (MEM) body on the drive that affects his SQBR.,14.2857141% Complete    01:53.8       To       01:46.0,gameId=0022000021,Hawks(122) @ Grizzlies(112),"December 26, 2020",2020-12-28T16:15:38Z,122,Hawks,112,Grizzlies
Q4,01:46.4,Foul: Offensive,Trae Young,Grayson Allen,INC,Young (ATL) reaches back and grabs Allen's (MEM) jersey and affects his ability to defend on the drive to the basket.,34.69388% Complete    01:46.0       To       01:28.1,gameId=0022000021,Hawks(122) @ Grizzlies(112),"December 26, 2020",2020-12-28T16:15:38Z,122,Hawks,112,Grizzlies
Q4,01:33,Foul: Personal,Ja Morant,John Collins,CNC,Morant (MEM) makes marginal contact with Collins (ATL) on the perimeter and does not affect his FOM.,34.69388% Complete    01:46.0       To       01:28.1,gameId=0022000021,Hawks(122) @ Grizzlies(112),"December 26, 2020",2020-12-28T16:15:38Z,122,Hawks,112,Grizzlies
Q4,01:15.1,Foul: Shooting,John Collins,Ja Morant,CNC,Collins (ATL) jumps vertical and makes marginal contact to his side and off arm as Morant (MEM) extends his left arm away from his body on the driving shot attempt.,28.5714283% Complete    01:28.1       To       01:14.1,gameId=0022000021,Hawks(122) @ Grizzlies(112),"December 26, 2020",2020-12-28T16:15:38Z,122,Hawks,112,Grizzlies
Q4,01:11.0,Foul: Technical,Ja Morant,Hawks,CC,All technical fouls are reviewed by League Operations.,34.69388% Complete    01:14.1       To       00:56.7,gameId=0022000021,Hawks(122) @ Grizzlies(112),"December 26, 2020",2020-12-28T16:15:38Z,122,Hawks,112,Grizzlies
Q4,00:56.7,Foul: Offensive,Jonas Valanciunas,Bogdan Bogdanovic,CNC,Valanciunas (MEM) establishes himself in a screening position in the path of Bogdanovic (ATL) and absorbs the contact.,12.2448978% Complete    00:56.7       To       00:50.1,gameId=0022000021,Hawks(122) @ Grizzlies(112),"December 26, 2020",2020-12-28T16:15:38Z,122,Hawks,112,Grizzlies
Q4,00:54.5,Foul: Offensive,Jonas Valanciunas,Cam Reddish,CNC,Valanciunas (MEM) establishes himself in a screening position in the path of Reddish (ATL) and absorbs the contact.,12.2448978% Complete    00:56.7       To       00:50.1,gameId=0022000021,Hawks(122) @ Grizzlies(112),"December 26, 2020",2020-12-28T16:15:38Z,122,Hawks,112,Grizzlies
Q4,00:53.2,Foul: Shooting,Cam Reddish,Dillon Brooks,INC,Reddish (ATL) makes contact to the arm of Brooks (MEM) that affects his ability to follow through on the shot attempt.,12.2448978% Complete    00:56.7       To       00:50.1,gameId=0022000021,Hawks(122) @ Grizzlies(112),"December 26, 2020",2020-12-28T16:15:38Z,122,Hawks,112,Grizzlies
Q4,00:45.3,Foul: Personal,Dillon Brooks,Trae Young,CNC,Brooks (MEM) cleanly dislodges the ball from Young (ATL).,8.163265% Complete    00:50.1       To       00:45.3,gameId=0022000021,Hawks(122) @ Grizzlies(112),"December 26, 2020",2020-12-28T16:15:38Z,122,Hawks,112,Grizzlies
Q4,00:41.5,Foul: Shooting,Cam Reddish,Grayson Allen,CNC,Reddish (ATL) makes marginal contact to Allen's (MEM) body on his shot near the rim.,8.163265% Complete    00:45.3       To       00:41.0,gameId=0022000021,Hawks(122) @ Grizzlies(112),"December 26, 2020",2020-12-28T16:15:38Z,122,Hawks,112,Grizzlies
Q4,00:37.1,Foul: Personal,Ja Morant,Bogdan Bogdanovic,CC,Morant (MEM) commits a take foul on Bogdanovic (ATL).,8.163265% Complete    00:41.0       To       00:37.0,gameId=0022000021,Hawks(122) @ Grizzlies(112),"December 26, 2020",2020-12-28T16:15:38Z,122,Hawks,112,Grizzlies
Q4,00:32.6,Foul: Shooting,De'Andre Hunter,Ja Morant,CNC,Hunter (ATL) makes marginal contact to Morant's (MEM) body during his shooting motion that does not affect his driving shot attempt.,10.2040815% Complete    00:37.0       To       00:31.8,gameId=0022000021,Hawks(122) @ Grizzlies(112),"December 26, 2020",2020-12-28T16:15:38Z,122,Hawks,112,Grizzlies
Q4,00:24.3,Foul: Personal,Dillon Brooks,Trae Young,CC,Brooks (MEM) extends his leg into Young's (ATL) path that trips him and affects his SQBR.,14.2857141% Complete    00:31.8       To       00:24.2,gameId=0022000021,Hawks(122) @ Grizzlies(112),"December 26, 2020",2020-12-28T16:15:38Z,122,Hawks,112,Grizzlies
Q4,02:00.0,Foul: Offensive,P.J. Washington,Shai Gilgeous-Alexander,CNC,Washington (CHA) is already in Gilgeous-Alexander's (OKC) path when contact occurs and he does not deliver contact.,22.44898% Complete    02:11.4       To       02:00.2,gameId=0022000022,Thunder(109) @ Hornets(107),"December 26, 2020",2020-12-28T16:16:02Z,109,Thunder,107,Hornets
Q4,02:00.0,Foul: Personal,Shai Gilgeous-Alexander,Devonte' Graham,CC,Gilgeous-Alexander (OKC) extends his forearm into Graham's (CHA) path and affects his SQBR.  The contact occurs prior to Graham's upward shooting motion and does not warrant a shooting foul.,22.44898% Complete    02:11.4       To       02:00.2,gameId=0022000022,Thunder(109) @ Hornets(107),"December 26, 2020",2020-12-28T16:16:02Z,109,Thunder,107,Hornets
Q4,02:00.0,Violation: Delay of Game,Hornets,Thunder,CC,Correctly called delay of game violation against Charlotte.,22.44898% Complete    02:11.4       To       02:00.2,gameId=0022000022,Thunder(109) @ Hornets(107),"December 26, 2020",2020-12-28T16:16:02Z,109,Thunder,107,Hornets
Q4,01:51.2,Foul: Personal,Terry Rozier,Shai Gilgeous-Alexander,CNC,Rozier (CHA) cleanly deflects the ball away from Gilgeous-Alexander (OKC).,18.3673477% Complete    02:00.2       To       01:51.2,gameId=0022000022,Thunder(109) @ Hornets(107),"December 26, 2020",2020-12-28T16:16:02Z,109,Thunder,107,Hornets
Q4,01:50.1,Foul: Personal,Shai Gilgeous-Alexander,Terry Rozier,CC,"The crew communicated with the Replay Center to determine if the foul committed by Gilgeous-Alexander (OKC) met the criteria for a clear path foul.  After communicating with the Replay Center, a common foul was assessed to Gilgeous-Alexander.",2.04081631% Complete    01:51.2       To       01:50.0,gameId=0022000022,Thunder(109) @ Hornets(107),"December 26, 2020",2020-12-28T16:16:02Z,109,Thunder,107,Hornets
Q4,01:48,Foul: Personal,Miles Bridges,Darius Bazley,CNC,Bridges (CHA) makes incidental contact with Bazley (OKC) after Bazley has released the ball to pass.,14.2857141% Complete    01:50.0       To       01:43.0,gameId=0022000022,Thunder(109) @ Hornets(107),"December 26, 2020",2020-12-28T16:16:02Z,109,Thunder,107,Hornets
Q4,01:42.0,Violation: Kicked Ball,Miles Bridges,Shai Gilgeous-Alexander,CNC,Bridges (CHA) keeps his foot planted to the floor and does not intentionally kick the ball away from Gilgeous-Alexander (OKC).,14.2857141% Complete    01:50.0       To       01:43.0,gameId=0022000022,Thunder(109) @ Hornets(107),"December 26, 2020",2020-12-28T16:16:02Z,109,Thunder,107,Hornets
Q4,01:31.5,Foul: Shooting,Darius Bazley,Terry Rozier,CNC,Bazley (OKC) maintains verticality as he contests Rozier's (CHA) shot near the rim.,6.122449% Complete    01:33.9       To       01:30.7,gameId=0022000022,Thunder(109) @ Hornets(107),"December 26, 2020",2020-12-28T16:16:02Z,109,Thunder,107,Hornets
Q4,01:30.7,Foul: Loose Ball,Terry Rozier,Darius Bazley,CNC,Rozier (CHA) and Bazley (OKC) make incidental contact with one another during rebounding.,6.122449% Complete    01:33.9       To       01:30.7,gameId=0022000022,Thunder(109) @ Hornets(107),"December 26, 2020",2020-12-28T16:16:02Z,109,Thunder,107,Hornets
Q4,01:19.4,Foul: Shooting,Miles Bridges,Shai Gilgeous-Alexander,CNC,Bridges (CHA) and Gilgeous-Alexander (OKC) make incidental contact with one another after the ball becomes loose.,26.5306129% Complete    01:30.7       To       01:17.4,gameId=0022000022,Thunder(109) @ Hornets(107),"December 26, 2020",2020-12-28T16:16:02Z,109,Thunder,107,Hornets
Q4,01:19.4,Foul: Shooting,Terry Rozier,Shai Gilgeous-Alexander,CNC,Rozier (CHA) cleanly dislodges the ball from Gilgeous-Alexander (OKC).,26.5306129% Complete    01:30.7       To       01:17.4,gameId=0022000022,Thunder(109) @ Hornets(107),"December 26, 2020",2020-12-28T16:16:02Z,109,Thunder,107,Hornets
Q4,01:10.3,Foul: Offensive,P.J. Washington,Shai Gilgeous-Alexander,CNC,Washington (CHA) is already in Gilgeous-Alexander's (OKC) path when contact occurs and he does not deliver contact.,20.4081631% Complete    01:17.4       To       01:06.5,gameId=0022000022,Thunder(109) @ Hornets(107),"December 26, 2020",2020-12-28T16:16:02Z,109,Thunder,107,Hornets
Q4,01:07.4,Foul: Shooting,Darius Bazley,Miles Bridges,CNC,Bazley (OKC) is retreating his arm into a vertical position when marginal contact with Bridges (CHA) occurs.,20.4081631% Complete    01:17.4       To       01:06.5,gameId=0022000022,Thunder(109) @ Hornets(107),"December 26, 2020",2020-12-28T16:16:02Z,109,Thunder,107,Hornets
Q4,00:59.9,Foul: Personal,Miles Bridges,Darius Bazley,CNC,Bridges (CHA) brushes Bazley's (OKC) arm as Bazley is passing the ball.,16.32653% Complete    01:06.5       To       00:57.7,gameId=0022000022,Thunder(109) @ Hornets(107),"December 26, 2020",2020-12-28T16:16:02Z,109,Thunder,107,Hornets
Q4,00:57.7,Foul: Personal,Miles Bridges,Shai Gilgeous-Alexander,CC,Bridges (CHA) moves laterally into Gilgeous-Alexander's (OKC) path and affects his SQBR.,16.32653% Complete    01:06.5       To       00:57.7,gameId=0022000022,Thunder(109) @ Hornets(107),"December 26, 2020",2020-12-28T16:16:02Z,109,Thunder,107,Hornets
Q4,00:53.8,Foul: Shooting,Luguentz Dort,Terry Rozier,CC,Dort (OKC) brings his arms down and makes contact with Rozier's (CHA) arm that affects his driving shot attempt.,8.163265% Complete    00:57.7       To       00:53.7,gameId=0022000022,Thunder(109) @ Hornets(107),"December 26, 2020",2020-12-28T16:16:02Z,109,Thunder,107,Hornets
Q4,00:46.9,Foul: Personal,Miles Bridges,George Hill,CNC,Bridges (CHA) makes incidental contact with Hill (OKC) as Hill receives the pass.,28.5714283% Complete    00:53.7       To       00:39.2,gameId=0022000022,Thunder(109) @ Hornets(107),"December 26, 2020",2020-12-28T16:16:02Z,109,Thunder,107,Hornets
Q4,00:39.2,Foul: Personal,Terry Rozier,George Hill,CC,Rozier (CHA) commits a take foul on Hill (OKC).,28.5714283% Complete    00:53.7       To       00:39.2,gameId=0022000022,Thunder(109) @ Hornets(107),"December 26, 2020",2020-12-28T16:16:02Z,109,Thunder,107,Hornets
Q4,00:35.5,Foul: Offensive,Devonte' Graham,Luguentz Dort,CNC,Graham (CHA) is bracing himself for the contact from Dort (OKC) and he releases away from the contact.,12.2448978% Complete    00:39.2       To       00:33.0,gameId=0022000022,Thunder(109) @ Hornets(107),"December 26, 2020",2020-12-28T16:16:02Z,109,Thunder,107,Hornets
Q4,00:34.8,Foul: Shooting,Luguentz Dort,Devonte' Graham,CNC,"Dort (OKC) legally contests Graham's (CHA) jump shot attempt.  Any ""high-five"" contact after the release is considered incidental.",12.2448978% Complete    00:39.2       To       00:33.0,gameId=0022000022,Thunder(109) @ Hornets(107),"December 26, 2020",2020-12-28T16:16:02Z,109,Thunder,107,Hornets
Q4,00:33.0,Foul: Offensive,Shai Gilgeous-Alexander,Terry Rozier,CNC,Gilgeous-Alexander (OKC) and Rozier (CHA) briefly engage and disengage during the inbound.,2.04081631% Complete    00:33.0       To       00:31.2,gameId=0022000022,Thunder(109) @ Hornets(107),"December 26, 2020",2020-12-28T16:16:02Z,109,Thunder,107,Hornets
Q4,00:31.4,Foul: Personal,Terry Rozier,Shai Gilgeous-Alexander,CC,Rozier (CHA) extends two hands into Gilgeous-Alexander's (OKC) body in the backcourt.,2.04081631% Complete    00:33.0       To       00:31.2,gameId=0022000022,Thunder(109) @ Hornets(107),"December 26, 2020",2020-12-28T16:16:02Z,109,Thunder,107,Hornets
Q4,00:22.9,Foul: Personal,Gordon Hayward,Shai Gilgeous-Alexander,CC,Hayward (CHA) commits a take foul on Gilgeous-Alexander (OKC).,2.04081631% Complete    00:24.2       To       00:22.7,gameId=0022000022,Thunder(109) @ Hornets(107),"December 26, 2020",2020-12-28T16:16:02Z,109,Thunder,107,Hornets
Q4,00:19.3,Foul: Offensive,P.J. Washington,Shai Gilgeous-Alexander,CNC,Washington (CHA) is already in Gilgeous-Alexander's (OKC) path when contact occurs and he does not deliver contact.,12.2448978% Complete    00:22.7       To       00:16.1,gameId=0022000022,Thunder(109) @ Hornets(107),"December 26, 2020",2020-12-28T16:16:02Z,109,Thunder,107,Hornets
Q4,00:16.1,Foul: Offensive,Shai Gilgeous-Alexander,Gordon Hayward,CNC,Gilgeous-Alexander (OKC) and Hayward (CHA) briefly engage and disengage during the inbound.,1% Complete    00:16.1       To       00:15.6,gameId=0022000022,Thunder(109) @ Hornets(107),"December 26, 2020",2020-12-28T16:16:02Z,109,Thunder,107,Hornets
Q4,00:15.7,Foul: Personal,Gordon Hayward,Shai Gilgeous-Alexander,CC,Hayward (CHA) commits a take foul on Gilgeous-Alexander (OKC).,1% Complete    00:16.1       To       00:15.6,gameId=0022000022,Thunder(109) @ Hornets(107),"December 26, 2020",2020-12-28T16:16:02Z,109,Thunder,107,Hornets
Q4,00:11.4,Foul: Shooting,Darius Bazley,Miles Bridges,CNC,"Bazley (OKC) legally contests Bridges' (CHA) jump shot attempt.  Any ""high-five"" contact after the release is considered incidental.",8.163265% Complete    00:15.6       To       00:11.1,gameId=0022000022,Thunder(109) @ Hornets(107),"December 26, 2020",2020-12-28T16:16:02Z,109,Thunder,107,Hornets
Q4,00:03.0,Foul: Shooting,Cody Martin,Shai Gilgeous-Alexander,CNC,Martin (CHA) legally contests Gilgeous-Alexander's (OKC) jump shot attempt.,18.3673477% Complete    00:11.1       To       00:01.4,gameId=0022000022,Thunder(109) @ Hornets(107),"December 26, 2020",2020-12-28T16:16:02Z,109,Thunder,107,Hornets
Q4,00:01.0,Foul: Shooting,Shai Gilgeous-Alexander,Terry Rozier,CNC,Gilgeous-Alexander (OKC) legally contests Rozier's (CHA) jump shot attempt.,2.04081631% Complete    00:01.4       To       00:00.0,gameId=0022000022,Thunder(109) @ Hornets(107),"December 26, 2020",2020-12-28T16:16:02Z,109,Thunder,107,Hornets
Q4,01:52.0,Foul: Shooting,Blake Griffin,Andre Drummond,CC,Griffin (DET) makes contact to Drummond's (CLE) arm as he gathers and enters his shooting motion in the post.,18.3673477% Complete    02:01.0       To       01:52.0,gameId=0022000023,Cavaliers(128) @ Pistons(119),"December 26, 2020",2020-12-28T16:16:22Z,128,Cavaliers,119,Pistons
Q4,01:39.8,Foul: Offensive,Blake Griffin,Collin Sexton,CNC,Griffin (DET) establishes himself in a screening position in the path of Sexton (CLE) firms up and absorbs the contact.,63.2653046% Complete    01:52.0       To       01:21.0,gameId=0022000023,Cavaliers(128) @ Pistons(119),"December 26, 2020",2020-12-28T16:16:22Z,128,Cavaliers,119,Pistons
Q4,01:21.9,Foul: Shooting,Andre Drummond,Derrick Rose,CNC,"Dummond (CLE) cleanly blocks Rose's (DET) jump shot attempt, prior to the incidental high five contact at the release.",63.2653046% Complete    01:52.0       To       01:21.0,gameId=0022000023,Cavaliers(128) @ Pistons(119),"December 26, 2020",2020-12-28T16:16:22Z,128,Cavaliers,119,Pistons
Q4,01:08.0,Foul: Shooting,Jerami Grant,Andre Drummond,CC,Grant (DET) wraps Drummond's (CLE) around his lower body as he gathers and enters his shooting motion,26.5306129% Complete    01:21.0       To       01:08.0,gameId=0022000023,Cavaliers(128) @ Pistons(119),"December 26, 2020",2020-12-28T16:16:22Z,128,Cavaliers,119,Pistons
Q4,00:33.4,Foul: Personal,Mason Plumlee,Andre Drummond,CNC,Plumlee (DET) has a resting hand on Drummond's (CLE) lower body during his post up.,44.89796% Complete    00:52.3       To       00:30.2,gameId=0022000023,Cavaliers(128) @ Pistons(119),"December 26, 2020",2020-12-28T16:16:22Z,128,Cavaliers,119,Pistons
Q4,00:05.0,Foul: Offensive,Kevin Love,Blake Griffin,CNC,Love (CLE) and Griffin (DET) engage and then disengage during the inbound.,10.2040815% Complete    00:05.0       To       00:00.0,gameId=0022000023,Cavaliers(128) @ Pistons(119),"December 26, 2020",2020-12-28T16:16:22Z,128,Cavaliers,119,Pistons
Q4,00:04.3,Turnover: 24 Second Violation,Pistons,Cavaliers,CC,Detroit does not get a shot attempt that makes contact with the rim up within the twenty four seconds allotted.,51.02041% Complete    00:30.2       To       00:05.0,gameId=0022000023,Cavaliers(128) @ Pistons(119),"December 26, 2020",2020-12-28T16:16:22Z,128,Cavaliers,119,Pistons
Q4,00:00.9,Foul: Shooting,Blake Griffin,Andre Drummond,CNC,Griffin (DET) gets both hands on the ball but then makes incidental contact with Drummond (CLE) as he attempts to tip the ball in.,10.2040815% Complete    00:05.0       To       00:00.0,gameId=0022000023,Cavaliers(128) @ Pistons(119),"December 26, 2020",2020-12-28T16:16:22Z,128,Cavaliers,119,Pistons
Q5,01:46.7,Foul: Offensive,Mason Plumlee,Collin Sexton,CC,"Plumlee (DET) delivers contact to the backside of Sexton (CLE) while setting the pick, disrupting his ability to defend.",22.44898% Complete    01:58.0       To       01:46.6,gameId=0022000023,Cavaliers(128) @ Pistons(119),"December 26, 2020",2020-12-28T16:16:22Z,128,Cavaliers,119,Pistons
Q5,01:43,Foul: Personal,Jerami Grant,Darius Garland,CNC,As Garland (CLE) is going to set the screen on Grant (DET) both players collide into each as a switch occurs on defense.,24.4897957% Complete    01:46.6       To       01:34.1,gameId=0022000023,Cavaliers(128) @ Pistons(119),"December 26, 2020",2020-12-28T16:16:22Z,128,Cavaliers,119,Pistons
Q5,01:40,Foul: Personal,Blake Griffin,Andre Drummond,CNC,"Griffin (DET) makes slight contact to Drummond's (DET) hand which is deemed as part of the ball, and cleanly dislodges it from his possession in the post.",24.4897957% Complete    01:46.6       To       01:34.1,gameId=0022000023,Cavaliers(128) @ Pistons(119),"December 26, 2020",2020-12-28T16:16:22Z,128,Cavaliers,119,Pistons
Q5,01:05.8,Foul: Offensive,Collin Sexton,Delon Wright,CNC,"Sexton (CLE) slightly extends his off arm into Wright's (DET) upper body, but does not disrupt his ability to defend.",36.7346954% Complete    01:13.5       To       00:54.9,gameId=0022000023,Cavaliers(128) @ Pistons(119),"December 26, 2020",2020-12-28T16:16:22Z,128,Cavaliers,119,Pistons
Q5,00:54.9,Violation: Defensive Goaltending,Jerami Grant,Collin Sexton,CC,Grant (DET) makes contact with the ball after hit has touched the backboard.,36.7346954% Complete    01:13.5       To       00:54.9,gameId=0022000023,Cavaliers(128) @ Pistons(119),"December 26, 2020",2020-12-28T16:16:22Z,128,Cavaliers,119,Pistons
Q5,00:39.7,Foul: Shooting,Andre Drummond,Jerami Grant,CNC,Drummond (CLE) maintains a legal guarding position during the driving shot attempt by Grant (DET) and cleanly blocks the layup attempt.,81.63265% Complete    00:54.9       To       00:14.9,gameId=0022000023,Cavaliers(128) @ Pistons(119),"December 26, 2020",2020-12-28T16:16:22Z,128,Cavaliers,119,Pistons
Q5,00:37.3,Foul: Personal,Collin Sexton,Jerami Grant,CNC,Sexton (CLE) and Grant (DET) make incidental contact with each other in pursuit of the loose ball.,81.63265% Complete    00:54.9       To       00:14.9,gameId=0022000023,Cavaliers(128) @ Pistons(119),"December 26, 2020",2020-12-28T16:16:22Z,128,Cavaliers,119,Pistons
Q5,00:34.8,Foul: Personal,Collin Sexton,Blake Griffin,CNC,Sexton (CLE) and Griffin (DET) make incidental contact with each other in pursuit of the loose ball.,81.63265% Complete    00:54.9       To       00:14.9,gameId=0022000023,Cavaliers(128) @ Pistons(119),"December 26, 2020",2020-12-28T16:16:22Z,128,Cavaliers,119,Pistons
Q5,00:33.3,Foul: Personal,Derrick Rose,Isaac Okoro,CNC,Okoro (CLE) and Rose (DET) make incidental contact with each in pursuit of the loose ball. Jump ball is called between these two players.,81.63265% Complete    00:54.9       To       00:14.9,gameId=0022000023,Cavaliers(128) @ Pistons(119),"December 26, 2020",2020-12-28T16:16:22Z,128,Cavaliers,119,Pistons
Q5,00:24.3,Foul: Offensive,Blake Griffin,Collin Sexton,CNC,Griffin (DET) establishes himself in a screening position in the path of Sexton (CLE) firms up and absorbs the contact.,81.63265% Complete    00:54.9       To       00:14.9,gameId=0022000023,Cavaliers(128) @ Pistons(119),"December 26, 2020",2020-12-28T16:16:22Z,128,Cavaliers,119,Pistons
Q5,00:14.9,Foul: Personal,Andre Drummond,Derrick Rose,INC,Drummond (CLE) makes contact to Rose's (DET) arm that causes him to lose possession of the basketball.,81.63265% Complete    00:54.9       To       00:14.9,gameId=0022000023,Cavaliers(128) @ Pistons(119),"December 26, 2020",2020-12-28T16:16:22Z,128,Cavaliers,119,Pistons
Q5,00:08.8,Foul: Offensive,Andre Drummond,Blake Griffin,CNC,"Griffin (DET) incidentally steps on Drummond's (CLE) foot while trying to defend, which causes him to fall to the ground.",14.2857141% Complete    00:14.9       To       00:07.5,gameId=0022000023,Cavaliers(128) @ Pistons(119),"December 26, 2020",2020-12-28T16:16:22Z,128,Cavaliers,119,Pistons
Q5,00:02.7,Foul: Loose Ball,Collin Sexton,Blake Griffin,INC,"In pursuit of the loose ball, Sexton (CLE) dives into Griffin's (DET) leg causing him to fall to the ground.",6.122449% Complete    00:03.3       To       00:00.0,gameId=0022000023,Cavaliers(128) @ Pistons(119),"December 26, 2020",2020-12-28T16:16:22Z,128,Cavaliers,119,Pistons
Q4,01:52.1,Foul: Personal,Fred VanVleet,Patty Mills,CC,VanVleet (TOR) makes contact to Mills' (SAS) arm that affects his ability to gather the ball.,40.8163261% Complete    02:07.4       To       01:47.3,gameId=0022000027,Raptors(114) @ Spurs(119),"December 26, 2020",2020-12-28T16:16:43Z,114,Raptors,119,Spurs
Q4,01:52.1,Turnover: Traveling,DeMar DeRozan,Raptors,CNC,DeRozan (SAS) gathers the ball on his left foot and then takes two steps prior to releasing the ball on the shot attempt.,40.8163261% Complete    02:07.4       To       01:47.3,gameId=0022000027,Raptors(114) @ Spurs(119),"December 26, 2020",2020-12-28T16:16:43Z,114,Raptors,119,Spurs
Q4,01:48.7,Foul: Shooting,Kyle Lowry,DeMar DeRozan,CNC,Lowry's (TOR) arm makes contact with the ball during DeRozan's (SAS) driving shot attempt.,40.8163261% Complete    02:07.4       To       01:47.3,gameId=0022000027,Raptors(114) @ Spurs(119),"December 26, 2020",2020-12-28T16:16:43Z,114,Raptors,119,Spurs
Q4,01:32.4,Foul: Personal,Rudy Gay,Pascal Siakam,CC,Gay (SAS) places two hands on Siakam (TOR) during the drive and the contact affects his SQBR.,55.10204% Complete    01:47.3       To       01:20.3,gameId=0022000027,Raptors(114) @ Spurs(119),"December 26, 2020",2020-12-28T16:16:43Z,114,Raptors,119,Spurs
Q4,01:25.0,Foul: Personal,Dejounte Murray,Fred VanVleet,CNC,Murray (SAS) makes contact with the ball and cleanly dislodges it from VanVleet (TOR).,55.10204% Complete    01:47.3       To       01:20.3,gameId=0022000027,Raptors(114) @ Spurs(119),"December 26, 2020",2020-12-28T16:16:43Z,114,Raptors,119,Spurs
Q4,01:20.3,Foul: Offensive,Pascal Siakam,Patty Mills,IC,Mills (SAS) moves laterally and he does not establish a legal guarding position in Siakam's (TOR) path when the contact occurs. Siakam gathers the ball with two hands prior to the contact and this play should be assessed as a shooting foul.,55.10204% Complete    01:47.3       To       01:20.3,gameId=0022000027,Raptors(114) @ Spurs(119),"December 26, 2020",2020-12-28T16:16:43Z,114,Raptors,119,Spurs
Q4,00:40.4,Foul: Shooting,OG Anunoby,Dejounte Murray,CNC,Anunoby (TOR) jumps vertically with both arms in a legal position as he absorbs the oncoming contact with Murray (SAS) during his driving shot attempt.,40.8163261% Complete    00:50.0       To       00:29.8,gameId=0022000027,Raptors(114) @ Spurs(119),"December 26, 2020",2020-12-28T16:16:43Z,114,Raptors,119,Spurs
Q4,00:32.3,Foul: Loose Ball,DeMar DeRozan,Chris Boucher,CNC,DeRozan (SAS) and Boucher (TOR) mutually engage in marginal contact prior to disengaging during the loose ball.,40.8163261% Complete    00:50.0       To       00:29.8,gameId=0022000027,Raptors(114) @ Spurs(119),"December 26, 2020",2020-12-28T16:16:43Z,114,Raptors,119,Spurs
Q4,00:12.0,Foul: Personal,Chris Boucher,Rudy Gay,CC,Boucher (TOR) commits a take foul on Gay (SAS).,18.3673477% Complete    00:21.5       To       00:12.0,gameId=0022000027,Raptors(114) @ Spurs(119),"December 26, 2020",2020-12-28T16:16:43Z,114,Raptors,119,Spurs
Q4,00:12.0,Foul: Personal,Patty Mills,Pascal Siakam,CNC,Mills (SAS) makes contact with the ball and cleanly dislodges it from Siakam (TOR) during the drive.,18.3673477% Complete    00:12.0       To       00:03.0,gameId=0022000027,Raptors(114) @ Spurs(119),"December 26, 2020",2020-12-28T16:16:43Z,114,Raptors,119,Spurs
Q4,00:01.1,Foul: Personal,Kyle Lowry,Keldon Johnson,CC,"Following the rebound, Lowry (TOR) makes contact with Johnson (SAS) that affects his FOM.",2.04081631% Complete    00:03.0       To       00:01.1,gameId=0022000027,Raptors(114) @ Spurs(119),"December 26, 2020",2020-12-28T16:16:43Z,114,Raptors,119,Spurs
Q4,01:51.6,Foul: Offensive,Rudy Gobert,Ricky Rubio,CNC,Gobert (UTA) establishes himself in a screening position with his arms extended slightly forward prior to marginal contact occurring with Rubio (MIN).,28.5714283% Complete    02:02.7       To       01:48.5,gameId=0022000028,Timberwolves(116) @ Jazz(111),"December 26, 2020",2020-12-28T16:17:04Z,116,Timberwolves,111,Jazz
Q4,01:30,Foul: Personal,Josh Okogie,Mike Conley,CNC,Okogie (MIN) brushes Conley's (UTA) right arm and marginal contact occurs as Conley drives toward the lane.,18.3673477% Complete    01:34.8       To       01:25.8,gameId=0022000028,Timberwolves(116) @ Jazz(111),"December 26, 2020",2020-12-28T16:17:04Z,116,Timberwolves,111,Jazz
Q4,01:27,Foul: Personal,Josh Okogie,Rudy Gobert,CNC,"Okogie (MIN) extends his arm forward and slight contact occurs with Gobert's (UTA) lower half and left arm as Gobert attempts to control the pass, which he is able to do momentarily after.",18.3673477% Complete    01:34.8       To       01:25.8,gameId=0022000028,Timberwolves(116) @ Jazz(111),"December 26, 2020",2020-12-28T16:17:04Z,116,Timberwolves,111,Jazz
Q4,01:20,Foul: Offensive,D'Angelo Russell,Donovan Mitchell,CNC,Russell (MIN) is positioned sideways in a screening position and he does not extend into Mitchell's (UTA) path or otherwise deliver contact.,36.7346954% Complete    01:25.8       To       01:07.6,gameId=0022000028,Timberwolves(116) @ Jazz(111),"December 26, 2020",2020-12-28T16:17:04Z,116,Timberwolves,111,Jazz
Q4,01:08.9,Foul: Shooting,Royce O'Neale,D'Angelo Russell,CNC,O'Neale (UTA) has an arm placed against Russell's (MIN) arm but the contact is marginal and he quickly removes it before Russell enters his shooting motion.,36.7346954% Complete    01:25.8       To       01:07.6,gameId=0022000028,Timberwolves(116) @ Jazz(111),"December 26, 2020",2020-12-28T16:17:04Z,116,Timberwolves,111,Jazz
Q4,01:00,Foul: Personal,Ricky Rubio,Mike Conley,CNC,Rubio (MIN) and Conley (UTA) come together at the spot beyond the perimeter and marginal body contact occurs as Conley spins off.,18.3673477% Complete    01:07.6       To       00:57.7,gameId=0022000028,Timberwolves(116) @ Jazz(111),"December 26, 2020",2020-12-28T16:17:04Z,116,Timberwolves,111,Jazz
Q4,00:57.7,Foul: Personal,D'Angelo Russell,Mike Conley,CC,Russell (MIN) extends into Conley's (UTA) path and initiates body contact with Conley that affects his SQBR.,18.3673477% Complete    01:07.6       To       00:57.7,gameId=0022000028,Timberwolves(116) @ Jazz(111),"December 26, 2020",2020-12-28T16:17:04Z,116,Timberwolves,111,Jazz
Q4,00:53.3,Foul: Personal,Bojan Bogdanovic,Josh Okogie,CNC,Bogdanovic (UTA) brings his arms forward and marginal contact occurs with Okogie's (MIN) front as the hand-off takes place.,40.8163261% Complete    00:57.7       To       00:37.2,gameId=0022000028,Timberwolves(116) @ Jazz(111),"December 26, 2020",2020-12-28T16:17:04Z,116,Timberwolves,111,Jazz
Q4,00:53.3,Foul: Offensive,Josh Okogie,Bojan Bogdanovic,CNC,Okogie (MIN) brings his off-arm toward Bogdanovic's (UTA) front and marginal contact occurs as the hand-off takes place.,40.8163261% Complete    00:57.7       To       00:37.2,gameId=0022000028,Timberwolves(116) @ Jazz(111),"December 26, 2020",2020-12-28T16:17:04Z,116,Timberwolves,111,Jazz
Q4,00:44.7,Foul: Personal,Royce O'Neale,D'Angelo Russell,CNC,"O'Neale (UTA) briefly places his right hand to Russell's (MIN) front as Russell starts driving toward the lane, and the contact is marginal.",40.8163261% Complete    00:57.7       To       00:37.2,gameId=0022000028,Timberwolves(116) @ Jazz(111),"December 26, 2020",2020-12-28T16:17:04Z,116,Timberwolves,111,Jazz
Q4,00:43.5,Foul: Offensive,D'Angelo Russell,Royce O'Neale,CNC,Russell (MIN) brings his off-arm to O'Neale's (UTA) front and quickly releases as marginal contact occurs near the top of the key.,40.8163261% Complete    00:57.7       To       00:37.2,gameId=0022000028,Timberwolves(116) @ Jazz(111),"December 26, 2020",2020-12-28T16:17:04Z,116,Timberwolves,111,Jazz
Q4,00:38.1,Foul: Shooting,Royce O'Neale,Malik Beasley,CNC,O'Neale (UTA) is in a vertical position at the time of the contact with Beasley (MIN).,40.8163261% Complete    00:57.7       To       00:37.2,gameId=0022000028,Timberwolves(116) @ Jazz(111),"December 26, 2020",2020-12-28T16:17:04Z,116,Timberwolves,111,Jazz
Q4,00:37.2,Foul: Away from Play,Karl-Anthony Towns,Rudy Gobert,CNC,Towns (MIN) and Gobert (UTA) engage and disengage with one another during the inbound.,6.122449% Complete    00:37.2       To       00:33.7,gameId=0022000028,Timberwolves(116) @ Jazz(111),"December 26, 2020",2020-12-28T16:17:04Z,116,Timberwolves,111,Jazz
Q4,00:34.1,Foul: Offensive,Mike Conley,D'Angelo Russell,CNC,Conley (UTA) extends his left arm outward toward Russell (MIN) after the hand-off and marginal contact occurs as Russell contests the jump shot.,6.122449% Complete    00:37.2       To       00:33.7,gameId=0022000028,Timberwolves(116) @ Jazz(111),"December 26, 2020",2020-12-28T16:17:04Z,116,Timberwolves,111,Jazz
Q4,00:33.7,Foul: Shooting,D'Angelo Russell,Jordan Clarkson,CC,Russell (MIN) swings down and makes contact across Clarkson's (UTA) right arm during his upward shooting motion.,6.122449% Complete    00:37.2       To       00:33.7,gameId=0022000028,Timberwolves(116) @ Jazz(111),"December 26, 2020",2020-12-28T16:17:04Z,116,Timberwolves,111,Jazz
Q4,00:18.2,Foul: Personal,Rudy Gobert,Karl-Anthony Towns,CNC,Gobert (UTA) and Towns (MIN) make incidental foot-to-foot contact with one another as Towns attempts to set the pick.,40.8163261% Complete    00:33.7       To       00:12.9,gameId=0022000028,Timberwolves(116) @ Jazz(111),"December 26, 2020",2020-12-28T16:17:04Z,116,Timberwolves,111,Jazz
Q4,00:13.9,Foul: Offensive,Karl-Anthony Towns,Donovan Mitchell,CNC,Towns (MIN) establishes himself in a screening position in Mitchell's (UTA) path and does not deliver the contact.,40.8163261% Complete    00:33.7       To       00:12.9,gameId=0022000028,Timberwolves(116) @ Jazz(111),"December 26, 2020",2020-12-28T16:17:04Z,116,Timberwolves,111,Jazz
Q4,00:08.5,Foul: Shooting,D'Angelo Russell,Donovan Mitchell,INC,Russell (MIN) makes contact with Mitchell's (UTA) right arm that causes his hand to come off of the ball after his gather.,10.2040815% Complete    00:12.9       To       00:07.0,gameId=0022000028,Timberwolves(116) @ Jazz(111),"December 26, 2020",2020-12-28T16:17:04Z,116,Timberwolves,111,Jazz
Q4,00:05.9,Foul: Personal,Mike Conley,Ricky Rubio,CC,Conley (UTA) commits the take foul on Rubio (MIN).,4.08163261% Complete    00:07.0       To       00:04.7,gameId=0022000028,Timberwolves(116) @ Jazz(111),"December 26, 2020",2020-12-28T16:17:04Z,116,Timberwolves,111,Jazz
Q4,00:05.9,Foul: Offensive,D'Angelo Russell,Joe Ingles,CNC,Russell (MIN) and Ingles (UTA) engage and disengage with one another during the inbound.,4.08163261% Complete    00:07.0       To       00:04.7,gameId=0022000028,Timberwolves(116) @ Jazz(111),"December 26, 2020",2020-12-28T16:17:04Z,116,Timberwolves,111,Jazz
Q4,00:04.7,Foul: Personal,Joe Ingles,D'Angelo Russell,CC,Ingles (UTA) commits the take foul on Russell (MIN).,4.08163261% Complete    00:07.0       To       00:04.7,gameId=0022000028,Timberwolves(116) @ Jazz(111),"December 26, 2020",2020-12-28T16:17:04Z,116,Timberwolves,111,Jazz
Q4,00:04.7,Foul: Loose Ball,Josh Okogie,Rudy Gobert,CNC,Okogie (MIN) brushes Gobert's (UTA) backside/right shoulder during rebounding and marginal contact occurs prior to Gobert gaining control of the ball.,4.08163261% Complete    00:07.0       To       00:04.7,gameId=0022000028,Timberwolves(116) @ Jazz(111),"December 26, 2020",2020-12-28T16:17:04Z,116,Timberwolves,111,Jazz
Q4,00:04.2,Turnover: 5 Second Violation,Jazz,Timberwolves,CC,Bogdanovic (UTA) fails to inbound the ball within five seconds.,1% Complete    00:04.7       To       00:04.1,gameId=0022000028,Timberwolves(116) @ Jazz(111),"December 26, 2020",2020-12-28T16:17:04Z,116,Timberwolves,111,Jazz
Q4,00:04.2,Foul: Away from Play,Jarrett Culver,Jordan Clarkson,CNC,Culver (MIN) and Clarkson (UTA) come together at a spot during the inbound and incidental body contact occurs. Clarkson's reaction is not consistent with the amount of contact.,1% Complete    00:04.7       To       00:04.1,gameId=0022000028,Timberwolves(116) @ Jazz(111),"December 26, 2020",2020-12-28T16:17:04Z,116,Timberwolves,111,Jazz
Q4,00:04.2,Foul: Away from Play,D'Angelo Russell,Rudy Gobert,CNC,Russell (MIN) and Gobert (UTA) engage and disengage with one another during the inbound.,1% Complete    00:04.7       To       00:04.1,gameId=0022000028,Timberwolves(116) @ Jazz(111),"December 26, 2020",2020-12-28T16:17:04Z,116,Timberwolves,111,Jazz
Q4,00:03.3,Foul: Personal,Donovan Mitchell,D'Angelo Russell,CC,Mitchell (UTA) commits the take foul on Russell (MIN).,1% Complete    00:04.1       To       00:03.2,gameId=0022000028,Timberwolves(116) @ Jazz(111),"December 26, 2020",2020-12-28T16:17:04Z,116,Timberwolves,111,Jazz
Q4,02:00.0,Foul: Offensive,Jusuf Nurkic,Danuel House Jr.,CNC,Nurkic (POR) establishes legal position while firming up in House's (HOU) path during the screen. The pair make marginal contact with one another as House fights over the screen.,24.4897957% Complete    02:07.0       To       01:54.4,gameId=0022000029,Rockets(126) @ Trail Blazers(128),"December 26, 2020",2020-12-28T16:17:27Z,126,Rockets,128,Trail Blazers
Q4,01:54.4,Foul: Loose Ball,CJ McCollum,Jae'Sean Tate,CNC,McCollum (POR) and Tate (HOU) engage and disengage with one another during the rebound.,24.4897957% Complete    02:07.0       To       01:54.4,gameId=0022000029,Rockets(126) @ Trail Blazers(128),"December 26, 2020",2020-12-28T16:17:27Z,126,Rockets,128,Trail Blazers
Q4,01:34.8,Foul: Shooting,Robert Covington,Christian Wood,CNC,Covington (HOU) makes marginal contact to Wood's (HOU) body during the shot attempt at the rim.,40.8163261% Complete    01:54.4       To       01:34.1,gameId=0022000029,Rockets(126) @ Trail Blazers(128),"December 26, 2020",2020-12-28T16:17:27Z,126,Rockets,128,Trail Blazers
Q4,01:17.1,Foul: Loose Ball,Christian Wood,Jusuf Nurkic,CNC,Wood (HOU) and Nurkic (POR) engage and disengage during rebounding.,34.69388% Complete    01:34.1       To       01:17.1,gameId=0022000029,Rockets(126) @ Trail Blazers(128),"December 26, 2020",2020-12-28T16:17:27Z,126,Rockets,128,Trail Blazers
Q4,01:08,Foul: Personal,Jusuf Nurkic,Christian Wood,CNC,Nurkic (POR) makes  brief marginal contact with Wood (HOU) as he defends the pass.,22.44898% Complete    01:17.1       To       01:05.3,gameId=0022000029,Rockets(126) @ Trail Blazers(128),"December 26, 2020",2020-12-28T16:17:27Z,126,Rockets,128,Trail Blazers
Q4,01:06.2,Foul: Shooting,Derrick Jones Jr.,Christian Wood,CNC,"While Jones Jr. (POR) retreats his arm into a vertical position, he brushes Wood's (HOU) arm during his shot attempt.",22.44898% Complete    01:17.1       To       01:05.3,gameId=0022000029,Rockets(126) @ Trail Blazers(128),"December 26, 2020",2020-12-28T16:17:27Z,126,Rockets,128,Trail Blazers
Q4,00:56.0,Foul: Offensive,Jusuf Nurkic,James Harden,CNC,Nurkic (POR) establishes legal position in Harden's (HOU) path during the pick and gives him a step to avoid contact.,24.4897957% Complete    01:05.3       To       00:52.8,gameId=0022000029,Rockets(126) @ Trail Blazers(128),"December 26, 2020",2020-12-28T16:17:27Z,126,Rockets,128,Trail Blazers
Q4,00:54.2,Foul: Offensive,Damian Lillard,Christian Wood,CNC,Lillard (POR) slightly veers into Wood's (HOU) path during his drive to the basket and makes marginal contact as Wood's momentum is carrying him forward.,24.4897957% Complete    01:05.3       To       00:52.8,gameId=0022000029,Rockets(126) @ Trail Blazers(128),"December 26, 2020",2020-12-28T16:17:27Z,126,Rockets,128,Trail Blazers
Q4,00:52.8,Foul: Personal,Derrick Jones Jr.,James Harden,CNC,Jones Jr. (POR) maintains legal guarding position with Harden (HOU) when contact occurs during his drive.,26.5306129% Complete    00:52.8       To       00:38.9,gameId=0022000029,Rockets(126) @ Trail Blazers(128),"December 26, 2020",2020-12-28T16:17:27Z,126,Rockets,128,Trail Blazers
Q4,00:39.7,Foul: Shooting,Derrick Jones Jr.,James Harden,CNC,Jones Jr. (POR) legally contest Harden's (HOU) driving shot attempt.,26.5306129% Complete    00:52.8       To       00:38.9,gameId=0022000029,Rockets(126) @ Trail Blazers(128),"December 26, 2020",2020-12-28T16:17:27Z,126,Rockets,128,Trail Blazers
Q4,00:36.1,Foul: Offensive,Jusuf Nurkic,P.J. Tucker,CNC,Nurkic (POR) establishes legal position in Tucker's (HOU) path after the handoff and absorbs the contact.,12.2448978% Complete    00:38.9       To       00:32.0,gameId=0022000029,Rockets(126) @ Trail Blazers(128),"December 26, 2020",2020-12-28T16:17:27Z,126,Rockets,128,Trail Blazers
Q4,00:32.1,Foul: Loose Ball,P.J. Tucker,Jusuf Nurkic,CC,Replay review of the foul called on Tucker (HOU) pursuant to a coach?s challenge was deemed unsuccessful. Tucker makes contact with Nurkic's (POR) head during the rebound.,12.2448978% Complete    00:38.9       To       00:32.0,gameId=0022000029,Rockets(126) @ Trail Blazers(128),"December 26, 2020",2020-12-28T16:17:27Z,126,Rockets,128,Trail Blazers
Q4,00:30.2,Foul: Personal,Jusuf Nurkic,James Harden,CNC,Nurkic (POR) makes marginal contact to Harden's (HOU) body defending his drive to the basket.,20.4081631% Complete    00:32.0       To       00:21.7,gameId=0022000029,Rockets(126) @ Trail Blazers(128),"December 26, 2020",2020-12-28T16:17:27Z,126,Rockets,128,Trail Blazers
Q4,00:24.9,Foul: Offensive,P.J. Tucker,Derrick Jones Jr.,CNC,Tucker (HOU) establishes himself in a screening position in Jones Jr.'s (POR) path and does not deliver contact.,20.4081631% Complete    00:32.0       To       00:21.7,gameId=0022000029,Rockets(126) @ Trail Blazers(128),"December 26, 2020",2020-12-28T16:17:27Z,126,Rockets,128,Trail Blazers
Q4,00:21.4,Turnover: Lost Ball Out of Bounds,Rockets,Trail Blazers,CNC,"After communicating with the Replay Center, the on-court ruling was overturned to Trail Blazers ball.",20.4081631% Complete    00:32.0       To       00:21.7,gameId=0022000029,Rockets(126) @ Trail Blazers(128),"December 26, 2020",2020-12-28T16:17:27Z,126,Rockets,128,Trail Blazers
Q4,00:01.3,Foul: Shooting,P.J. Tucker,Damian Lillard,CNC,Tucker (HOU) places his hand to Lillard's (POR) front while defending his drive to the basket and removes it prior to the start of his upward shooting motion.,42.8571434% Complete    00:21.7       To       00:00.0,gameId=0022000029,Rockets(126) @ Trail Blazers(128),"December 26, 2020",2020-12-28T16:17:27Z,126,Rockets,128,Trail Blazers
Q5,01:52.6,Foul: Personal,Jusuf Nurkic,Christian Wood,CNC,Nurkic (POR) maintains legal guarding position as contact occurs at the end of Wood's (HOU) drive to the basket.,44.89796% Complete    02:03.0       To       01:40.4,gameId=0022000029,Rockets(126) @ Trail Blazers(128),"December 26, 2020",2020-12-28T16:17:27Z,126,Rockets,128,Trail Blazers
Q5,01:47.8,Turnover: Lost Ball Out of Bounds,Christian Wood,Jusuf Nurkic,INC,Wood (HOU) is the last person to touch the ball prior to the ball going out of bounds.,44.89796% Complete    02:03.0       To       01:40.4,gameId=0022000029,Rockets(126) @ Trail Blazers(128),"December 26, 2020",2020-12-28T16:17:27Z,126,Rockets,128,Trail Blazers
Q5,01:42.1,Foul: Shooting,Robert Covington,Christian Wood,CNC,Covington (HOU) makes marginal contact with Wood's (HOU) body as he gathers and enters his shooting motion.,44.89796% Complete    02:03.0       To       01:40.4,gameId=0022000029,Rockets(126) @ Trail Blazers(128),"December 26, 2020",2020-12-28T16:17:27Z,126,Rockets,128,Trail Blazers
Q5,01:26.2,Foul: Personal,P.J. Tucker,Jusuf Nurkic,CNC,Tucker (HOU) briefly grasps Nurkic (POR) and releases off ball as he rolls to the basket.,46.9387741% Complete    01:40.4       To       01:16.5,gameId=0022000029,Rockets(126) @ Trail Blazers(128),"December 26, 2020",2020-12-28T16:17:27Z,126,Rockets,128,Trail Blazers
Q5,01:16.,Foul: Personal,Damian Lillard,Christian Wood,CNC,Lillard (POR) makes some contact to Wood (HOU) as he gathers the pass in the post.,2.04081631% Complete    01:16.5       To       01:14.7,gameId=0022000029,Rockets(126) @ Trail Blazers(128),"December 26, 2020",2020-12-28T16:17:27Z,126,Rockets,128,Trail Blazers
Q5,01:15.5,Foul: Shooting,Robert Covington,Christian Wood,CNC,Covington (POR) brushes the top of Wood's (HOU) head as he defends the play at the basket.,2.04081631% Complete    01:16.5       To       01:14.7,gameId=0022000029,Rockets(126) @ Trail Blazers(128),"December 26, 2020",2020-12-28T16:17:27Z,126,Rockets,128,Trail Blazers
Q5,00:59.1,Foul: Offensive,Jusuf Nurkic,Jae'Sean Tate,CNC,Nurkic (POR) establishes legal position in Tate's (HOU) path during the pick. As the pick dissolves the two make mutual hand to hand contact with one another.,46.9387741% Complete    01:14.7       To       00:51.5,gameId=0022000029,Rockets(126) @ Trail Blazers(128),"December 26, 2020",2020-12-28T16:17:27Z,126,Rockets,128,Trail Blazers
Q5,00:38.6,Foul: Offensive,Robert Covington,Christian Wood,CNC,Covington (HOU) establishes legal position in Wood's (HOU) path during the screen and gives him a step to avoid contact.,14.2857141% Complete    00:38.6       To       00:30.8,gameId=0022000029,Rockets(126) @ Trail Blazers(128),"December 26, 2020",2020-12-28T16:17:27Z,126,Rockets,128,Trail Blazers
Q5,00:37.7,Foul: Personal,P.J. Tucker,CJ McCollum,CNC,Tucker (HOU) makes marginal contact with McCollum (POR) after changing his direction during the screen.,14.2857141% Complete    00:38.6       To       00:30.8,gameId=0022000029,Rockets(126) @ Trail Blazers(128),"December 26, 2020",2020-12-28T16:17:27Z,126,Rockets,128,Trail Blazers
Q5,00:31.4,Foul: Shooting,Christian Wood,Damian Lillard,CNC,Wood (HOU) places a resting hand on Lillard's (POR) body while contesting his driving shot attempt.,14.2857141% Complete    00:38.6       To       00:30.8,gameId=0022000029,Rockets(126) @ Trail Blazers(128),"December 26, 2020",2020-12-28T16:17:27Z,126,Rockets,128,Trail Blazers
Q5,00:30.1,Turnover: Traveling,James Harden,Trail Blazers,INC,"At :18.2, Harden (HOU) gathers the ball airborne and comes down on both feet. He lifts his right foot, establishing his left as his pivot and takes two additional steps.",30.6122456% Complete    00:30.8       To       00:15.3,gameId=0022000029,Rockets(126) @ Trail Blazers(128),"December 26, 2020",2020-12-28T16:17:27Z,126,Rockets,128,Trail Blazers
Q5,00:30.1,Foul: Offensive,James Harden,Robert Covington,CNC,Harden (HOU) releases from contact with Covington (HOU) prior to his step out on the perimeter.,30.6122456% Complete    00:30.8       To       00:15.3,gameId=0022000029,Rockets(126) @ Trail Blazers(128),"December 26, 2020",2020-12-28T16:17:27Z,126,Rockets,128,Trail Blazers
Q5,00:11.3,Foul: Offensive,Jusuf Nurkic,P.J. Tucker,CNC,Nurkic (POR) is firming up into a legal position in Tucker's (HOU) path and makes incidental leg contact as he rolls towards the basket and the two engage.,18.3673477% Complete    00:15.3       To       00:06.3,gameId=0022000029,Rockets(126) @ Trail Blazers(128),"December 26, 2020",2020-12-28T16:17:27Z,126,Rockets,128,Trail Blazers
Q5,00:06.3,Foul: Offensive,P.J. Tucker,Derrick Jones Jr.,CNC,Tucker (HOU) establishes himself in a screening position in Jones Jr.'s (POR) path and makes marginal arm contact as they disengage.,4.08163261% Complete    00:06.3       To       00:03.5,gameId=0022000029,Rockets(126) @ Trail Blazers(128),"December 26, 2020",2020-12-28T16:17:27Z,126,Rockets,128,Trail Blazers
Q4,01:49.4,Foul: Personal,Chris Paul,Harrison Barnes,CNC,Paul (PHX) and Barnes (SAC) briefly engage and separate off ball.,44.89796% Complete    02:05.7       To       01:43.0,gameId=0022000030,Suns(103) @ Kings(106),"December 26, 2020",2020-12-28T16:17:52Z,103,Suns,106,Kings
Q4,01:45.3,Foul: Shooting,Deandre Ayton,Harrison Barnes,CNC,Ayton (PHX) jumps vertically contesting the shot attempt by Barnes (SAC) at the basket.,44.89796% Complete    02:05.7       To       01:43.0,gameId=0022000030,Suns(103) @ Kings(106),"December 26, 2020",2020-12-28T16:17:52Z,103,Suns,106,Kings
Q4,01:44.7,Foul: Loose Ball,Richaun Holmes,Chris Paul,CNC,Holmes (SAC) makes marginal contact with Paul (PHX) during the rebound and does not affect his ability to get to the loose ball.,44.89796% Complete    02:05.7       To       01:43.0,gameId=0022000030,Suns(103) @ Kings(106),"December 26, 2020",2020-12-28T16:17:52Z,103,Suns,106,Kings
Q4,01:43.5,Foul: Shooting,Chris Paul,Richaun Holmes,CC,Paul (PHX) makes contact to Holmes's (SAC) arm and affects his shot attempt.,44.89796% Complete    02:05.7       To       01:43.0,gameId=0022000030,Suns(103) @ Kings(106),"December 26, 2020",2020-12-28T16:17:52Z,103,Suns,106,Kings
Q4,01:37,Foul: Offensive,Chris Paul,De'Aaron Fox,CNC,Paul (PHX) sets the screen in Fox's (SAC) path and gives him room to avoid the contact.,22.44898% Complete    01:43.0       To       01:32.0,gameId=0022000030,Suns(103) @ Kings(106),"December 26, 2020",2020-12-28T16:17:52Z,103,Suns,106,Kings
Q4,01:34.2,Foul: Shooting,De'Aaron Fox,Chris Paul,CNC,Fox (SAC) makes marginal contact with Paul (PHX) during the shot attempt.,22.44898% Complete    01:43.0       To       01:32.0,gameId=0022000030,Suns(103) @ Kings(106),"December 26, 2020",2020-12-28T16:17:52Z,103,Suns,106,Kings
Q4,01:12.2,Foul: Shooting,Jae Crowder,De'Aaron Fox,CNC,"Crowder (PHX) makes incidental ""high-five"" contact with Fox (SAC) after the release that does not affect his jump shot attempt.",42.8571434% Complete    01:32.0       To       01:10.2,gameId=0022000030,Suns(103) @ Kings(106),"December 26, 2020",2020-12-28T16:17:52Z,103,Suns,106,Kings
Q4,01:08.1,Foul: Personal,De'Aaron Fox,Chris Paul,CC,Fox (SAC) initiates contact with Paul (PHX) that affects his SQBR.,4.08163261% Complete    01:10.2       To       01:08.0,gameId=0022000030,Suns(103) @ Kings(106),"December 26, 2020",2020-12-28T16:17:52Z,103,Suns,106,Kings
Q4,00:56.8,Foul: Offensive,Richaun Holmes,Mikal Bridges,INC,Holmes (SAC) wraps his arm around Bridges (PHX) while setting the screen and affects his ability to disengage and defend.,36.7346954% Complete    01:08.0       To       00:49.6,gameId=0022000030,Suns(103) @ Kings(106),"December 26, 2020",2020-12-28T16:17:52Z,103,Suns,106,Kings
Q4,00:52.5,Foul: Shooting,Mikal Bridges,Buddy Hield,CNC,Bridges (PHX) maintains a legal guarding position on Hield (SAC) during the driving shot attempt.,36.7346954% Complete    01:08.0       To       00:49.6,gameId=0022000030,Suns(103) @ Kings(106),"December 26, 2020",2020-12-28T16:17:52Z,103,Suns,106,Kings
Q4,00:49.6,Foul: Shooting,Jae Crowder,Richaun Holmes,CC,Crowder (PHX) makes contact with Holmes's (SAC) arm and affects his shot attempt.,36.7346954% Complete    01:08.0       To       00:49.6,gameId=0022000030,Suns(103) @ Kings(106),"December 26, 2020",2020-12-28T16:17:52Z,103,Suns,106,Kings
Q4,00:46.1,Foul: Shooting,De'Aaron Fox,Devin Booker,CNC,Fox (SAC) maintains a legal guarding position while contesting Booker's (PHX) shot attempt.,10.2040815% Complete    00:49.6       To       00:43.9,gameId=0022000030,Suns(103) @ Kings(106),"December 26, 2020",2020-12-28T16:17:52Z,103,Suns,106,Kings
Q4,00:38.0,Foul: Personal,Deandre Ayton,De'Aaron Fox,CNC,Ayton (PHX) makes marginal contact with Fox (SAC) at the end of the drive.,57.1428566% Complete    00:43.9       To       00:15.5,gameId=0022000030,Suns(103) @ Kings(106),"December 26, 2020",2020-12-28T16:17:52Z,103,Suns,106,Kings
Q4,00:20.7,Foul: Shooting,Mikal Bridges,De'Aaron Fox,CNC,Bridges (PHX) makes marginal contact with Fox's (SAC) arm after he releases the shot attempt.,57.1428566% Complete    00:43.9       To       00:15.5,gameId=0022000030,Suns(103) @ Kings(106),"December 26, 2020",2020-12-28T16:17:52Z,103,Suns,106,Kings
Q4,00:17.3,Violation: Delay of Game,Kings,Suns,CC,Correctly called delay of game violation.,57.1428566% Complete    00:43.9       To       00:15.5,gameId=0022000030,Suns(103) @ Kings(106),"December 26, 2020",2020-12-28T16:17:52Z,103,Suns,106,Kings
Q4,00:17.2,Foul: Personal,Devin Booker,Nemanja Bjelica,CNC,Booker (PHX) makes marginal contact with Bjelica (SAC) while attempting to move around the screen.,57.1428566% Complete    00:43.9       To       00:15.5,gameId=0022000030,Suns(103) @ Kings(106),"December 26, 2020",2020-12-28T16:17:52Z,103,Suns,106,Kings
Q4,00:15.4,Foul: Personal,Devin Booker,Buddy Hield,CC,Booker (PHX) commits a take foul on Hield (SAC).,57.1428566% Complete    00:43.9       To       00:15.5,gameId=0022000030,Suns(103) @ Kings(106),"December 26, 2020",2020-12-28T16:17:52Z,103,Suns,106,Kings
Q4,00:04.8,Foul: Personal,Chris Paul,Buddy Hield,CC,Paul (PHX) commits a take foul on Hield (SAC).,2.04081631% Complete    00:06.3       To       00:04.7,gameId=0022000030,Suns(103) @ Kings(106),"December 26, 2020",2020-12-28T16:17:52Z,103,Suns,106,Kings
